[
  {
    "model": "main.customuser",
    "pk": 4,
    "fields": {
      "password": "pbkdf2_sha256$600000$dummyhashvalue$dummyhashedpassword==",
      "last_login": "2025-03-17T14:30:00Z",
      "is_superuser": false,
      "username": "juan.dela.cruz",
      "first_name": "Juan",
      "last_name": "Cruz",
      "is_staff": true,
      "is_active": true,
      "date_joined": "2025-03-17T14:25:00Z",
      "student_id": "C000004",
      "full_name": "Juan Dela Cruz",
      "academic_year_level": "Freshman",
      "contact_number": "+639170000004",
      "email": "juan.dela.cruz@example.com",
      "is_counselor": false,
      "block_reason": "",
      "block_duration": null,
      "is_itrc_staff": false,
      "is_verified": true,
      "verification_status": "verified",
      "groups": [],
      "user_permissions": []
    }
  },
  {
    "model": "main.customuser",
    "pk": 5,
    "fields": {
      "password": "pbkdf2_sha256$600000$dummyhashvalue$dummyhashedpassword==",
      "last_login": "2025-03-17T14:30:00Z",
      "is_superuser": false,
      "username": "maria.clara",
      "first_name": "Maria",
      "last_name": "Clara",
      "is_staff": true,
      "is_active": true,
      "date_joined": "2025-03-17T14:25:00Z",
      "student_id": "C000005",
      "full_name": "Maria Clara",
      "academic_year_level": "Freshman",
      "contact_number": "+639170000005",
      "email": "maria.clara@example.com",
      "is_counselor": false,
      "block_reason": "",
      "block_duration": null,
      "is_itrc_staff": true,
      "is_verified": true,
      "verification_status": "verified",
      "groups": [],
      "user_permissions": []
    }
  },
  {
    "model": "main.customuser",
    "pk": 6,
    "fields": {
      "password": "pbkdf2_sha256$600000$dummyhashvalue$dummyhashedpassword==",
      "last_login": "2025-03-17T14:30:00Z",
      "is_superuser": false,
      "username": "jose.rizal",
      "first_name": "Jose",
      "last_name": "Rizal",
      "is_staff": true,
      "is_active": true,
      "date_joined": "2025-03-17T14:25:00Z",
      "student_id": "C000006",
      "full_name": "Jose Rizal",
      "academic_year_level": "Senior",
      "contact_number": "+639170000006",
      "email": "jose.rizal@example.com",
      "is_counselor": true,
      "block_reason": "",
      "block_duration": null,
      "is_itrc_staff": false,
      "is_verified": true,
      "verification_status": "verified",
      "groups": [],
      "user_permissions": []
    }
  },
  {
    "model": "main.customuser",
    "pk": 7,
    "fields": {
      "password": "pbkdf2_sha256$600000$dummyhashvalue$dummyhashedpassword==",
      "last_login": "2025-03-17T14:30:00Z",
      "is_superuser": false,
      "username": "andres.bonifacio",
      "first_name": "Andres",
      "last_name": "Bonifacio",
      "is_staff": true,
      "is_active": true,
      "date_joined": "2025-03-17T14:25:00Z",
      "student_id": "C000007",
      "full_name": "Andres Bonifacio",
      "academic_year_level": "Freshman",
      "contact_number": "+639170000007",
      "email": "andres.bonifacio@example.com",
      "is_counselor": false,
      "block_reason": "",
      "block_duration": null,
      "is_itrc_staff": false,
      "is_verified": true,
      "verification_status": "verified",
      "groups": [],
      "user_permissions": []
    }
  },
  {
    "model": "main.customuser",
    "pk": 8,
    "fields": {
      "password": "pbkdf2_sha256$600000$dummyhashvalue$dummyhashedpassword==",
      "last_login": "2025-03-17T14:30:00Z",
      "is_superuser": false,
      "username": "emilio.aguinaldo",
      "first_name": "Emilio",
      "last_name": "Aguinaldo",
      "is_staff": true,
      "is_active": true,
      "date_joined": "2025-03-17T14:25:00Z",
      "student_id": "C000008",
      "full_name": "Emilio Aguinaldo",
      "academic_year_level": "Freshman",
      "contact_number": "+639170000008",
      "email": "emilio.aguinaldo@example.com",
      "is_counselor": false,
      "block_reason": "",
      "block_duration": null,
      "is_itrc_staff": false,
      "is_verified": true,
      "verification_status": "verified",
      "groups": [],
      "user_permissions": []
    }
  },
  {
    "model": "main.customuser",
    "pk": 9,
    "fields": {
      "password": "pbkdf2_sha256$600000$dummyhashvalue$dummyhashedpassword==",
      "last_login": "2025-03-17T14:30:00Z",
      "is_superuser": false,
      "username": "apolinario.mabini",
      "first_name": "Apolinario",
      "last_name": "Mabini",
      "is_staff": true,
      "is_active": true,
      "date_joined": "2025-03-17T14:25:00Z",
      "student_id": "C000009",
      "full_name": "Apolinario Mabini",
      "academic_year_level": "Senior",
      "contact_number": "+639170000009",
      "email": "apolinario.mabini@example.com",
      "is_counselor": false,
      "block_reason": "",
      "block_duration": null,
      "is_itrc_staff": false,
      "is_verified": true,
      "verification_status": "verified",
      "groups": [],
      "user_permissions": []
    }
  },
  {
    "model": "main.customuser",
    "pk": 10,
    "fields": {
      "password": "pbkdf2_sha256$600000$dummyhashvalue$dummyhashedpassword==",
      "last_login": "2025-03-17T14:30:00Z",
      "is_superuser": false,
      "username": "melchora.aquino",
      "first_name": "Melchora",
      "last_name": "Aquino",
      "is_staff": true,
      "is_active": true,
      "date_joined": "2025-03-17T14:25:00Z",
      "student_id": "C000010",
      "full_name": "Melchora Aquino",
      "academic_year_level": "Freshman",
      "contact_number": "+639170000010",
      "email": "melchora.aquino@example.com",
      "is_counselor": false,
      "block_reason": "",
      "block_duration": null,
      "is_itrc_staff": false,
      "is_verified": true,
      "verification_status": "verified",
      "groups": [],
      "user_permissions": []
    }
  },
  {
    "model": "main.customuser",
    "pk": 11,
    "fields": {
      "password": "pbkdf2_sha256$600000$dummyhashvalue$dummyhashedpassword==",
      "last_login": "2025-03-17T14:30:00Z",
      "is_superuser": false,
      "username": "gregoria.de.jesus",
      "first_name": "Gregoria",
      "last_name": "Jesus",
      "is_staff": true,
      "is_active": true,
      "date_joined": "2025-03-17T14:25:00Z",
      "student_id": "C000011",
      "full_name": "Gregoria de Jesus",
      "academic_year_level": "Freshman",
      "contact_number": "+639170000011",
      "email": "gregoria.de.jesus@example.com",
      "is_counselor": false,
      "block_reason": "",
      "block_duration": null,
      "is_itrc_staff": false,
      "is_verified": true,
      "verification_status": "verified",
      "groups": [],
      "user_permissions": []
    }
  },
  {
    "model": "main.customuser",
    "pk": 12,
    "fields": {
      "password": "pbkdf2_sha256$600000$dummyhashvalue$dummyhashedpassword==",
      "last_login": "2025-03-17T14:30:00Z",
      "is_superuser": false,
      "username": "gabriela.silang",
      "first_name": "Gabriela",
      "last_name": "Silang",
      "is_staff": true,
      "is_active": true,
      "date_joined": "2025-03-17T14:25:00Z",
      "student_id": "C000012",
      "full_name": "Gabriela Silang",
      "academic_year_level": "Senior",
      "contact_number": "+639170000012",
      "email": "gabriela.silang@example.com",
      "is_counselor": false,
      "block_reason": "",
      "block_duration": null,
      "is_itrc_staff": false,
      "is_verified": true,
      "verification_status": "verified",
      "groups": [],
      "user_permissions": []
    }
  },
  {
    "model": "main.customuser",
    "pk": 13,
    "fields": {
      "password": "pbkdf2_sha256$600000$dummyhashvalue$dummyhashedpassword==",
      "last_login": "2025-03-17T14:30:00Z",
      "is_superuser": false,
      "username": "antonio.luna",
      "first_name": "Antonio",
      "last_name": "Luna",
      "is_staff": true,
      "is_active": true,
      "date_joined": "2025-03-17T14:25:00Z",
      "student_id": "C000013",
      "full_name": "Antonio Luna",
      "academic_year_level": "Freshman",
      "contact_number": "+639170000013",
      "email": "antonio.luna@example.com",
      "is_counselor": false,
      "block_reason": "",
      "block_duration": null,
      "is_itrc_staff": false,
      "is_verified": true,
      "verification_status": "verified",
      "groups": [],
      "user_permissions": []
    }
  },
  {
    "model": "main.customuser",
    "pk": 14,
    "fields": {
      "password": "pbkdf2_sha256$600000$dummyhashvalue$dummyhashedpassword==",
      "last_login": "2025-03-17T14:30:00Z",
      "is_superuser": false,
      "username": "diego.silang",
      "first_name": "Diego",
      "last_name": "Silang",
      "is_staff": true,
      "is_active": true,
      "date_joined": "2025-03-17T14:25:00Z",
      "student_id": "C000014",
      "full_name": "Diego Silang",
      "academic_year_level": "Freshman",
      "contact_number": "+639170000014",
      "email": "diego.silang@example.com",
      "is_counselor": false,
      "block_reason": "",
      "block_duration": null,
      "is_itrc_staff": false,
      "is_verified": true,
      "verification_status": "verified",
      "groups": [],
      "user_permissions": []
    }
  },
  {
    "model": "main.customuser",
    "pk": 15,
    "fields": {
      "password": "pbkdf2_sha256$600000$dummyhashvalue$dummyhashedpassword==",
      "last_login": "2025-03-17T14:30:00Z",
      "is_superuser": false,
      "username": "carlos.p..garcia",
      "first_name": "Carlos",
      "last_name": "Garcia",
      "is_staff": true,
      "is_active": true,
      "date_joined": "2025-03-17T14:25:00Z",
      "student_id": "C000015",
      "full_name": "Carlos P. Garcia",
      "academic_year_level": "Senior",
      "contact_number": "+639170000015",
      "email": "carlos.p..garcia@example.com",
      "is_counselor": false,
      "block_reason": "",
      "block_duration": null,
      "is_itrc_staff": false,
      "is_verified": true,
      "verification_status": "verified",
      "groups": [],
      "user_permissions": []
    }
  },
  {
    "model": "main.customuser",
    "pk": 16,
    "fields": {
      "password": "pbkdf2_sha256$600000$dummyhashvalue$dummyhashedpassword==",
      "last_login": "2025-03-17T14:30:00Z",
      "is_superuser": false,
      "username": "ramon.magsaysay",
      "first_name": "Ramon",
      "last_name": "Magsaysay",
      "is_staff": true,
      "is_active": true,
      "date_joined": "2025-03-17T14:25:00Z",
      "student_id": "C000016",
      "full_name": "Ramon Magsaysay",
      "academic_year_level": "Freshman",
      "contact_number": "+639170000016",
      "email": "ramon.magsaysay@example.com",
      "is_counselor": false,
      "block_reason": "",
      "block_duration": null,
      "is_itrc_staff": false,
      "is_verified": true,
      "verification_status": "verified",
      "groups": [],
      "user_permissions": []
    }
  },
  {
    "model": "main.customuser",
    "pk": 17,
    "fields": {
      "password": "pbkdf2_sha256$600000$dummyhashvalue$dummyhashedpassword==",
      "last_login": "2025-03-17T14:30:00Z",
      "is_superuser": false,
      "username": "corazon.aquino",
      "first_name": "Corazon",
      "last_name": "Aquino",
      "is_staff": true,
      "is_active": true,
      "date_joined": "2025-03-17T14:25:00Z",
      "student_id": "C000017",
      "full_name": "Corazon Aquino",
      "academic_year_level": "Freshman",
      "contact_number": "+639170000017",
      "email": "corazon.aquino@example.com",
      "is_counselor": false,
      "block_reason": "",
      "block_duration": null,
      "is_itrc_staff": false,
      "is_verified": true,
      "verification_status": "verified",
      "groups": [],
      "user_permissions": []
    }
  },
  {
    "model": "main.customuser",
    "pk": 18,
    "fields": {
      "password": "pbkdf2_sha256$600000$dummyhashvalue$dummyhashedpassword==",
      "last_login": "2025-03-17T14:30:00Z",
      "is_superuser": false,
      "username": "benigno.aquino.iii",
      "first_name": "Benigno",
      "last_name": "III",
      "is_staff": true,
      "is_active": true,
      "date_joined": "2025-03-17T14:25:00Z",
      "student_id": "C000018",
      "full_name": "Benigno Aquino III",
      "academic_year_level": "Senior",
      "contact_number": "+639170000018",
      "email": "benigno.aquino.iii@example.com",
      "is_counselor": false,
      "block_reason": "",
      "block_duration": null,
      "is_itrc_staff": false,
      "is_verified": true,
      "verification_status": "verified",
      "groups": [],
      "user_permissions": []
    }
  },
  {
    "model": "main.emailhistory",
    "pk": 1,
    "fields": {
      "user": 4,
      "email": "old_email_1@example.com",
      "changed_at": "2025-03-17T14:41:00Z"
    }
  },
  {
    "model": "main.emailhistory",
    "pk": 2,
    "fields": {
      "user": 5,
      "email": "old_email_2@example.com",
      "changed_at": "2025-03-17T14:42:00Z"
    }
  },
  {
    "model": "main.emailhistory",
    "pk": 3,
    "fields": {
      "user": 6,
      "email": "old_email_3@example.com",
      "changed_at": "2025-03-17T14:43:00Z"
    }
  },
  {
    "model": "main.emailhistory",
    "pk": 4,
    "fields": {
      "user": 7,
      "email": "old_email_4@example.com",
      "changed_at": "2025-03-17T14:44:00Z"
    }
  },
  {
    "model": "main.emailhistory",
    "pk": 5,
    "fields": {
      "user": 8,
      "email": "old_email_5@example.com",
      "changed_at": "2025-03-17T14:45:00Z"
    }
  },
  {
    "model": "main.emailhistory",
    "pk": 6,
    "fields": {
      "user": 9,
      "email": "old_email_6@example.com",
      "changed_at": "2025-03-17T14:46:00Z"
    }
  },
  {
    "model": "main.emailhistory",
    "pk": 7,
    "fields": {
      "user": 10,
      "email": "old_email_7@example.com",
      "changed_at": "2025-03-17T14:47:00Z"
    }
  },
  {
    "model": "main.emailhistory",
    "pk": 8,
    "fields": {
      "user": 11,
      "email": "old_email_8@example.com",
      "changed_at": "2025-03-17T14:48:00Z"
    }
  },
  {
    "model": "main.emailhistory",
    "pk": 9,
    "fields": {
      "user": 12,
      "email": "old_email_9@example.com",
      "changed_at": "2025-03-17T14:49:00Z"
    }
  },
  {
    "model": "main.emailhistory",
    "pk": 10,
    "fields": {
      "user": 13,
      "email": "old_email_10@example.com",
      "changed_at": "2025-03-17T14:50:00Z"
    }
  },
  {
    "model": "main.emailhistory",
    "pk": 11,
    "fields": {
      "user": 14,
      "email": "old_email_11@example.com",
      "changed_at": "2025-03-17T14:51:00Z"
    }
  },
  {
    "model": "main.emailhistory",
    "pk": 12,
    "fields": {
      "user": 15,
      "email": "old_email_12@example.com",
      "changed_at": "2025-03-17T14:52:00Z"
    }
  },
  {
    "model": "main.emailhistory",
    "pk": 13,
    "fields": {
      "user": 16,
      "email": "old_email_13@example.com",
      "changed_at": "2025-03-17T14:53:00Z"
    }
  },
  {
    "model": "main.emailhistory",
    "pk": 14,
    "fields": {
      "user": 17,
      "email": "old_email_14@example.com",
      "changed_at": "2025-03-17T14:54:00Z"
    }
  },
  {
    "model": "main.emailhistory",
    "pk": 15,
    "fields": {
      "user": 18,
      "email": "old_email_15@example.com",
      "changed_at": "2025-03-17T14:55:00Z"
    }
  },
  {
    "model": "main.userprofile",
    "pk": 1,
    "fields": {
      "user": 4,
      "avatar": null,
      "bio": "Ito ay sample bio para kay user 1. Mahilig sa musika at sining.",
      "is_email_verified": true,
      "new_email": null,
      "email_change_requested_at": null,
      "email_verification_requested_at": null
    }
  },
  {
    "model": "main.userprofile",
    "pk": 2,
    "fields": {
      "user": 5,
      "avatar": null,
      "bio": "Ito ay sample bio para kay user 2. Mahilig sa musika at sining.",
      "is_email_verified": true,
      "new_email": null,
      "email_change_requested_at": null,
      "email_verification_requested_at": null
    }
  },
  {
    "model": "main.userprofile",
    "pk": 3,
    "fields": {
      "user": 6,
      "avatar": null,
      "bio": "Ito ay sample bio para kay user 3. Mahilig sa musika at sining.",
      "is_email_verified": true,
      "new_email": null,
      "email_change_requested_at": null,
      "email_verification_requested_at": null
    }
  },
  {
    "model": "main.userprofile",
    "pk": 4,
    "fields": {
      "user": 7,
      "avatar": null,
      "bio": "Ito ay sample bio para kay user 4. Mahilig sa musika at sining.",
      "is_email_verified": true,
      "new_email": null,
      "email_change_requested_at": null,
      "email_verification_requested_at": null
    }
  },
  {
    "model": "main.userprofile",
    "pk": 5,
    "fields": {
      "user": 8,
      "avatar": null,
      "bio": "Ito ay sample bio para kay user 5. Mahilig sa musika at sining.",
      "is_email_verified": true,
      "new_email": null,
      "email_change_requested_at": null,
      "email_verification_requested_at": null
    }
  },
  {
    "model": "main.userprofile",
    "pk": 6,
    "fields": {
      "user": 9,
      "avatar": null,
      "bio": "Ito ay sample bio para kay user 6. Mahilig sa musika at sining.",
      "is_email_verified": true,
      "new_email": null,
      "email_change_requested_at": null,
      "email_verification_requested_at": null
    }
  },
  {
    "model": "main.userprofile",
    "pk": 7,
    "fields": {
      "user": 10,
      "avatar": null,
      "bio": "Ito ay sample bio para kay user 7. Mahilig sa musika at sining.",
      "is_email_verified": true,
      "new_email": null,
      "email_change_requested_at": null,
      "email_verification_requested_at": null
    }
  },
  {
    "model": "main.userprofile",
    "pk": 8,
    "fields": {
      "user": 11,
      "avatar": null,
      "bio": "Ito ay sample bio para kay user 8. Mahilig sa musika at sining.",
      "is_email_verified": true,
      "new_email": null,
      "email_change_requested_at": null,
      "email_verification_requested_at": null
    }
  },
  {
    "model": "main.userprofile",
    "pk": 9,
    "fields": {
      "user": 12,
      "avatar": null,
      "bio": "Ito ay sample bio para kay user 9. Mahilig sa musika at sining.",
      "is_email_verified": true,
      "new_email": null,
      "email_change_requested_at": null,
      "email_verification_requested_at": null
    }
  },
  {
    "model": "main.userprofile",
    "pk": 10,
    "fields": {
      "user": 13,
      "avatar": null,
      "bio": "Ito ay sample bio para kay user 10. Mahilig sa musika at sining.",
      "is_email_verified": true,
      "new_email": null,
      "email_change_requested_at": null,
      "email_verification_requested_at": null
    }
  },
  {
    "model": "main.userprofile",
    "pk": 11,
    "fields": {
      "user": 14,
      "avatar": null,
      "bio": "Ito ay sample bio para kay user 11. Mahilig sa musika at sining.",
      "is_email_verified": true,
      "new_email": null,
      "email_change_requested_at": null,
      "email_verification_requested_at": null
    }
  },
  {
    "model": "main.userprofile",
    "pk": 12,
    "fields": {
      "user": 15,
      "avatar": null,
      "bio": "Ito ay sample bio para kay user 12. Mahilig sa musika at sining.",
      "is_email_verified": true,
      "new_email": null,
      "email_change_requested_at": null,
      "email_verification_requested_at": null
    }
  },
  {
    "model": "main.userprofile",
    "pk": 13,
    "fields": {
      "user": 16,
      "avatar": null,
      "bio": "Ito ay sample bio para kay user 13. Mahilig sa musika at sining.",
      "is_email_verified": true,
      "new_email": null,
      "email_change_requested_at": null,
      "email_verification_requested_at": null
    }
  },
  {
    "model": "main.userprofile",
    "pk": 14,
    "fields": {
      "user": 17,
      "avatar": null,
      "bio": "Ito ay sample bio para kay user 14. Mahilig sa musika at sining.",
      "is_email_verified": true,
      "new_email": null,
      "email_change_requested_at": null,
      "email_verification_requested_at": null
    }
  },
  {
    "model": "main.userprofile",
    "pk": 15,
    "fields": {
      "user": 18,
      "avatar": null,
      "bio": "Ito ay sample bio para kay user 15. Mahilig sa musika at sining.",
      "is_email_verified": true,
      "new_email": null,
      "email_change_requested_at": null,
      "email_verification_requested_at": null
    }
  },
  {
    "model": "main.feedback",
    "pk": 1,
    "fields": {
      "user": 4,
      "message": "Maganda ang serbisyo, maraming salamat!",
      "sentiment_score": 21,
      "is_approved": false,
      "is_excluded": true,
      "created_at": "2025-03-17T14:51:00Z"
    }
  },
  {
    "model": "main.feedback",
    "pk": 2,
    "fields": {
      "user": 5,
      "message": "Napakabilis ng sagot, swak para sa kabataan.",
      "sentiment_score": 22,
      "is_approved": true,
      "is_excluded": false,
      "created_at": "2025-03-17T14:52:00Z"
    }
  },
  {
    "model": "main.feedback",
    "pk": 3,
    "fields": {
      "user": 6,
      "message": "Mabuting karanasan, pero sana ay may dagdag na impormasyon.",
      "sentiment_score": 23,
      "is_approved": false,
      "is_excluded": true,
      "created_at": "2025-03-17T14:53:00Z"
    }
  },
  {
    "model": "main.feedback",
    "pk": 4,
    "fields": {
      "user": 7,
      "message": "Nakakatuwa ang interface ng system.",
      "sentiment_score": 24,
      "is_approved": true,
      "is_excluded": false,
      "created_at": "2025-03-17T14:54:00Z"
    }
  },
  {
    "model": "main.feedback",
    "pk": 5,
    "fields": {
      "user": 8,
      "message": "Malinaw at madaling gamitin ang platform.",
      "sentiment_score": 25,
      "is_approved": false,
      "is_excluded": true,
      "created_at": "2025-03-17T14:55:00Z"
    }
  },
  {
    "model": "main.feedback",
    "pk": 6,
    "fields": {
      "user": 9,
      "message": "Magaling ang pagtugon sa mga pangangailangan.",
      "sentiment_score": 26,
      "is_approved": true,
      "is_excluded": false,
      "created_at": "2025-03-17T14:56:00Z"
    }
  },
  {
    "model": "main.feedback",
    "pk": 7,
    "fields": {
      "user": 10,
      "message": "Napakalinis ng design, congrats sa team!",
      "sentiment_score": 27,
      "is_approved": false,
      "is_excluded": true,
      "created_at": "2025-03-17T14:57:00Z"
    }
  },
  {
    "model": "main.feedback",
    "pk": 8,
    "fields": {
      "user": 11,
      "message": "Mahusay ang customer support.",
      "sentiment_score": 28,
      "is_approved": true,
      "is_excluded": false,
      "created_at": "2025-03-17T14:58:00Z"
    }
  },
  {
    "model": "main.feedback",
    "pk": 9,
    "fields": {
      "user": 12,
      "message": "Nakakainspire ang mga feature nito.",
      "sentiment_score": 29,
      "is_approved": false,
      "is_excluded": true,
      "created_at": "2025-03-17T14:59:00Z"
    }
  },
  {
    "model": "main.feedback",
    "pk": 10,
    "fields": {
      "user": 13,
      "message": "Simple pero epektibo, patuloy lang!",
      "sentiment_score": 30,
      "is_approved": true,
      "is_excluded": false,
      "created_at": "2025-03-17T15:00:00Z"
    }
  },
  {
    "model": "main.feedback",
    "pk": 11,
    "fields": {
      "user": 14,
      "message": "Salamat sa mabilis na pagresponde.",
      "sentiment_score": 31,
      "is_approved": false,
      "is_excluded": true,
      "created_at": "2025-03-17T15:01:00Z"
    }
  },
  {
    "model": "main.feedback",
    "pk": 12,
    "fields": {
      "user": 15,
      "message": "Magandang ideya para sa mga estudyante.",
      "sentiment_score": 32,
      "is_approved": true,
      "is_excluded": false,
      "created_at": "2025-03-17T15:02:00Z"
    }
  },
  {
    "model": "main.feedback",
    "pk": 13,
    "fields": {
      "user": 16,
      "message": "Ang user interface ay nakakapukaw ng interes.",
      "sentiment_score": 33,
      "is_approved": false,
      "is_excluded": true,
      "created_at": "2025-03-17T15:03:00Z"
    }
  },
  {
    "model": "main.feedback",
    "pk": 14,
    "fields": {
      "user": 17,
      "message": "Nakakabigay ng pag-asa ang sistema.",
      "sentiment_score": 34,
      "is_approved": true,
      "is_excluded": false,
      "created_at": "2025-03-17T15:04:00Z"
    }
  },
  {
    "model": "main.feedback",
    "pk": 15,
    "fields": {
      "user": 18,
      "message": "Talagang kapaki-pakinabang para sa kabataan.",
      "sentiment_score": 35,
      "is_approved": false,
      "is_excluded": true,
      "created_at": "2025-03-17T15:05:00Z"
    }
  },
  {
    "model": "main.chatmessage",
    "pk": 1,
    "fields": {
      "user": 4,
      "message": "Kamusta? Paano kita matutulungan?",
      "timestamp": "2025-03-17T15:11:00Z",
      "is_bot_message": false,
      "message_type": "user_message",
      "question_index": 1,
      "anger": 0.1,
      "disgust": 0.05,
      "fear": 0.02,
      "happiness": 0.7,
      "sadness": 0.05,
      "surprise": 0.03,
      "neutral": 0.1,
      "anger_percentage": 10,
      "disgust_percentage": 5,
      "fear_percentage": 2,
      "happiness_percentage": 70,
      "sadness_percentage": 5,
      "surprise_percentage": 3,
      "neutral_percentage": 10
    }
  },
  {
    "model": "main.chatmessage",
    "pk": 2,
    "fields": {
      "user": 5,
      "message": "May problema ba sa iyong asignatura?",
      "timestamp": "2025-03-17T15:12:00Z",
      "is_bot_message": false,
      "message_type": "user_message",
      "question_index": 2,
      "anger": 0.2,
      "disgust": 0.1,
      "fear": 0.04,
      "happiness": 0.7,
      "sadness": 0.05,
      "surprise": 0.03,
      "neutral": 0.1,
      "anger_percentage": 20,
      "disgust_percentage": 10,
      "fear_percentage": 4,
      "happiness_percentage": 70,
      "sadness_percentage": 5,
      "surprise_percentage": 3,
      "neutral_percentage": 10
    }
  },
  {
    "model": "main.chatmessage",
    "pk": 3,
    "fields": {
      "user": 6,
      "message": "Ano ang nararamdaman mo ngayon?",
      "timestamp": "2025-03-17T15:13:00Z",
      "is_bot_message": true,
      "message_type": "bot_message",
      "question_index": null,
      "anger": 0.30000000000000004,
      "disgust": 0.15000000000000002,
      "fear": 0.06,
      "happiness": 0.7,
      "sadness": 0.05,
      "surprise": 0.03,
      "neutral": 0.1,
      "anger_percentage": 30,
      "disgust_percentage": 15,
      "fear_percentage": 6,
      "happiness_percentage": 70,
      "sadness_percentage": 5,
      "surprise_percentage": 3,
      "neutral_percentage": 10
    }
  },
  {
    "model": "main.chatmessage",
    "pk": 4,
    "fields": {
      "user": 7,
      "message": "Kailangan mo ba ng payo sa iyong pag-aaral?",
      "timestamp": "2025-03-17T15:14:00Z",
      "is_bot_message": false,
      "message_type": "user_message",
      "question_index": 4,
      "anger": 0.4,
      "disgust": 0.2,
      "fear": 0.08,
      "happiness": 0.7,
      "sadness": 0.05,
      "surprise": 0.03,
      "neutral": 0.1,
      "anger_percentage": 40,
      "disgust_percentage": 20,
      "fear_percentage": 8,
      "happiness_percentage": 70,
      "sadness_percentage": 5,
      "surprise_percentage": 3,
      "neutral_percentage": 10
    }
  },
  {
    "model": "main.chatmessage",
    "pk": 5,
    "fields": {
      "user": 8,
      "message": "Magandang araw! Anong balita?",
      "timestamp": "2025-03-17T15:15:00Z",
      "is_bot_message": false,
      "message_type": "user_message",
      "question_index": 5,
      "anger": 0.5,
      "disgust": 0.25,
      "fear": 0.1,
      "happiness": 0.7,
      "sadness": 0.05,
      "surprise": 0.03,
      "neutral": 0.1,
      "anger_percentage": 50,
      "disgust_percentage": 25,
      "fear_percentage": 10,
      "happiness_percentage": 70,
      "sadness_percentage": 5,
      "surprise_percentage": 3,
      "neutral_percentage": 10
    }
  },
  {
    "model": "main.chatmessage",
    "pk": 6,
    "fields": {
      "user": 9,
      "message": "Puwede mo bang ikwento ang iyong karanasan?",
      "timestamp": "2025-03-17T15:16:00Z",
      "is_bot_message": true,
      "message_type": "bot_message",
      "question_index": null,
      "anger": 0.6000000000000001,
      "disgust": 0.30000000000000004,
      "fear": 0.12,
      "happiness": 0.7,
      "sadness": 0.05,
      "surprise": 0.03,
      "neutral": 0.1,
      "anger_percentage": 60,
      "disgust_percentage": 30,
      "fear_percentage": 12,
      "happiness_percentage": 70,
      "sadness_percentage": 5,
      "surprise_percentage": 3,
      "neutral_percentage": 10
    }
  },
  {
    "model": "main.chatmessage",
    "pk": 7,
    "fields": {
      "user": 10,
      "message": "Salamat sa pagbabahagi.",
      "timestamp": "2025-03-17T15:17:00Z",
      "is_bot_message": false,
      "message_type": "user_message",
      "question_index": 7,
      "anger": 0.7000000000000001,
      "disgust": 0.35000000000000003,
      "fear": 0.14,
      "happiness": 0.7,
      "sadness": 0.05,
      "surprise": 0.03,
      "neutral": 0.1,
      "anger_percentage": 70,
      "disgust_percentage": 35,
      "fear_percentage": 14,
      "happiness_percentage": 70,
      "sadness_percentage": 5,
      "surprise_percentage": 3,
      "neutral_percentage": 10
    }
  },
  {
    "model": "main.chatmessage",
    "pk": 8,
    "fields": {
      "user": 11,
      "message": "Ano ang iyong inaasahan sa system na ito?",
      "timestamp": "2025-03-17T15:18:00Z",
      "is_bot_message": false,
      "message_type": "user_message",
      "question_index": 8,
      "anger": 0.8,
      "disgust": 0.4,
      "fear": 0.16,
      "happiness": 0.7,
      "sadness": 0.05,
      "surprise": 0.03,
      "neutral": 0.1,
      "anger_percentage": 80,
      "disgust_percentage": 40,
      "fear_percentage": 16,
      "happiness_percentage": 70,
      "sadness_percentage": 5,
      "surprise_percentage": 3,
      "neutral_percentage": 10
    }
  },
  {
    "model": "main.chatmessage",
    "pk": 9,
    "fields": {
      "user": 12,
      "message": "Mayroon ka bang nais na baguhin?",
      "timestamp": "2025-03-17T15:19:00Z",
      "is_bot_message": true,
      "message_type": "bot_message",
      "question_index": null,
      "anger": 0.9,
      "disgust": 0.45,
      "fear": 0.18,
      "happiness": 0.7,
      "sadness": 0.05,
      "surprise": 0.03,
      "neutral": 0.1,
      "anger_percentage": 90,
      "disgust_percentage": 45,
      "fear_percentage": 18,
      "happiness_percentage": 70,
      "sadness_percentage": 5,
      "surprise_percentage": 3,
      "neutral_percentage": 10
    }
  },
  {
    "model": "main.chatmessage",
    "pk": 10,
    "fields": {
      "user": 13,
      "message": "Huwag kang mag-alala, nandito lang kami.",
      "timestamp": "2025-03-17T15:20:00Z",
      "is_bot_message": false,
      "message_type": "user_message",
      "question_index": 0,
      "anger": 1.0,
      "disgust": 0.5,
      "fear": 0.2,
      "happiness": 0.7,
      "sadness": 0.05,
      "surprise": 0.03,
      "neutral": 0.1,
      "anger_percentage": 100,
      "disgust_percentage": 50,
      "fear_percentage": 20,
      "happiness_percentage": 70,
      "sadness_percentage": 5,
      "surprise_percentage": 3,
      "neutral_percentage": 10
    }
  },
  {
    "model": "main.chatmessage",
    "pk": 11,
    "fields": {
      "user": 14,
      "message": "Ibahagi mo ang iyong nararamdaman.",
      "timestamp": "2025-03-17T15:21:00Z",
      "is_bot_message": false,
      "message_type": "user_message",
      "question_index": 1,
      "anger": 1.1,
      "disgust": 0.55,
      "fear": 0.22,
      "happiness": 0.7,
      "sadness": 0.05,
      "surprise": 0.03,
      "neutral": 0.1,
      "anger_percentage": 110,
      "disgust_percentage": 55,
      "fear_percentage": 22,
      "happiness_percentage": 70,
      "sadness_percentage": 5,
      "surprise_percentage": 3,
      "neutral_percentage": 10
    }
  },
  {
    "model": "main.chatmessage",
    "pk": 12,
    "fields": {
      "user": 15,
      "message": "Kumusta ang iyong araw?",
      "timestamp": "2025-03-17T15:22:00Z",
      "is_bot_message": true,
      "message_type": "bot_message",
      "question_index": null,
      "anger": 1.2000000000000002,
      "disgust": 0.6000000000000001,
      "fear": 0.24,
      "happiness": 0.7,
      "sadness": 0.05,
      "surprise": 0.03,
      "neutral": 0.1,
      "anger_percentage": 120,
      "disgust_percentage": 60,
      "fear_percentage": 24,
      "happiness_percentage": 70,
      "sadness_percentage": 5,
      "surprise_percentage": 3,
      "neutral_percentage": 10
    }
  },
  {
    "model": "main.chatmessage",
    "pk": 13,
    "fields": {
      "user": 16,
      "message": "Anong balita sa eskwelahan?",
      "timestamp": "2025-03-17T15:23:00Z",
      "is_bot_message": false,
      "message_type": "user_message",
      "question_index": 3,
      "anger": 1.3,
      "disgust": 0.65,
      "fear": 0.26,
      "happiness": 0.7,
      "sadness": 0.05,
      "surprise": 0.03,
      "neutral": 0.1,
      "anger_percentage": 130,
      "disgust_percentage": 65,
      "fear_percentage": 26,
      "happiness_percentage": 70,
      "sadness_percentage": 5,
      "surprise_percentage": 3,
      "neutral_percentage": 10
    }
  },
  {
    "model": "main.chatmessage",
    "pk": 14,
    "fields": {
      "user": 17,
      "message": "Narito kami upang makinig.",
      "timestamp": "2025-03-17T15:24:00Z",
      "is_bot_message": false,
      "message_type": "user_message",
      "question_index": 4,
      "anger": 1.4000000000000001,
      "disgust": 0.7000000000000001,
      "fear": 0.28,
      "happiness": 0.7,
      "sadness": 0.05,
      "surprise": 0.03,
      "neutral": 0.1,
      "anger_percentage": 140,
      "disgust_percentage": 70,
      "fear_percentage": 28,
      "happiness_percentage": 70,
      "sadness_percentage": 5,
      "surprise_percentage": 3,
      "neutral_percentage": 10
    }
  },
  {
    "model": "main.chatmessage",
    "pk": 15,
    "fields": {
      "user": 18,
      "message": "Maging positibo, kaya mo 'yan!",
      "timestamp": "2025-03-17T15:25:00Z",
      "is_bot_message": true,
      "message_type": "bot_message",
      "question_index": null,
      "anger": 1.5,
      "disgust": 0.75,
      "fear": 0.3,
      "happiness": 0.7,
      "sadness": 0.05,
      "surprise": 0.03,
      "neutral": 0.1,
      "anger_percentage": 150,
      "disgust_percentage": 75,
      "fear_percentage": 30,
      "happiness_percentage": 70,
      "sadness_percentage": 5,
      "surprise_percentage": 3,
      "neutral_percentage": 10
    }
  },
  {
    "model": "main.questionnaireprogress",
    "pk": 1,
    "fields": {
      "user": 4,
      "last_question_index": 1,
      "completed": false,
      "emotion_data": {},
      "normalized_emotions": {}
    }
  },
  {
    "model": "main.questionnaireprogress",
    "pk": 2,
    "fields": {
      "user": 5,
      "last_question_index": 2,
      "completed": false,
      "emotion_data": {},
      "normalized_emotions": {}
    }
  },
  {
    "model": "main.questionnaireprogress",
    "pk": 3,
    "fields": {
      "user": 6,
      "last_question_index": 3,
      "completed": false,
      "emotion_data": {},
      "normalized_emotions": {}
    }
  },
  {
    "model": "main.questionnaireprogress",
    "pk": 4,
    "fields": {
      "user": 7,
      "last_question_index": 4,
      "completed": false,
      "emotion_data": {},
      "normalized_emotions": {}
    }
  },
  {
    "model": "main.questionnaireprogress",
    "pk": 5,
    "fields": {
      "user": 8,
      "last_question_index": 5,
      "completed": false,
      "emotion_data": {},
      "normalized_emotions": {}
    }
  },
  {
    "model": "main.questionnaireprogress",
    "pk": 6,
    "fields": {
      "user": 9,
      "last_question_index": 6,
      "completed": false,
      "emotion_data": {},
      "normalized_emotions": {}
    }
  },
  {
    "model": "main.questionnaireprogress",
    "pk": 7,
    "fields": {
      "user": 10,
      "last_question_index": 7,
      "completed": false,
      "emotion_data": {},
      "normalized_emotions": {}
    }
  },
  {
    "model": "main.questionnaireprogress",
    "pk": 8,
    "fields": {
      "user": 11,
      "last_question_index": 8,
      "completed": false,
      "emotion_data": {},
      "normalized_emotions": {}
    }
  },
  {
    "model": "main.questionnaireprogress",
    "pk": 9,
    "fields": {
      "user": 12,
      "last_question_index": 9,
      "completed": false,
      "emotion_data": {},
      "normalized_emotions": {}
    }
  },
  {
    "model": "main.questionnaireprogress",
    "pk": 10,
    "fields": {
      "user": 13,
      "last_question_index": 0,
      "completed": false,
      "emotion_data": {},
      "normalized_emotions": {}
    }
  },
  {
    "model": "main.questionnaireprogress",
    "pk": 11,
    "fields": {
      "user": 14,
      "last_question_index": 1,
      "completed": false,
      "emotion_data": {},
      "normalized_emotions": {}
    }
  },
  {
    "model": "main.questionnaireprogress",
    "pk": 12,
    "fields": {
      "user": 15,
      "last_question_index": 2,
      "completed": false,
      "emotion_data": {},
      "normalized_emotions": {}
    }
  },
  {
    "model": "main.questionnaireprogress",
    "pk": 13,
    "fields": {
      "user": 16,
      "last_question_index": 3,
      "completed": false,
      "emotion_data": {},
      "normalized_emotions": {}
    }
  },
  {
    "model": "main.questionnaireprogress",
    "pk": 14,
    "fields": {
      "user": 17,
      "last_question_index": 4,
      "completed": false,
      "emotion_data": {},
      "normalized_emotions": {}
    }
  },
  {
    "model": "main.questionnaireprogress",
    "pk": 15,
    "fields": {
      "user": 18,
      "last_question_index": 5,
      "completed": false,
      "emotion_data": {},
      "normalized_emotions": {}
    }
  },
  {
    "model": "main.questionnaire",
    "pk": 1,
    "fields": {
      "user": 4,
      "question": "Ano ang pinaka nakaka-stress sa iyong buhay akademiko?",
      "answer": "Sample sagot",
      "response": "Sample tugon batay sa sagot",
      "timestamp": "2025-03-17T15:31:00Z",
      "answer_id": "c3208669-e2e1-4205-916b-969add49f88f"
    }
  },
  {
    "model": "main.questionnaire",
    "pk": 2,
    "fields": {
      "user": 5,
      "question": "Paano mo ilalarawan ang iyong emosyon sa nakaraang buwan?",
      "answer": "Sample sagot",
      "response": "Sample tugon batay sa sagot",
      "timestamp": "2025-03-17T15:32:00Z",
      "answer_id": "d46be5e2-1b4f-4317-958a-79be3b373087"
    }
  },
  {
    "model": "main.questionnaire",
    "pk": 3,
    "fields": {
      "user": 6,
      "question": "Gaano ka komportable na ibahagi ang iyong nararamdaman sa pamilya?",
      "answer": "Sample sagot",
      "response": "Sample tugon batay sa sagot",
      "timestamp": "2025-03-17T15:33:00Z",
      "answer_id": "64063599-0974-46b0-8525-2e0bb1566dc4"
    }
  },
  {
    "model": "main.questionnaire",
    "pk": 4,
    "fields": {
      "user": 7,
      "question": "Gaano kadalas ka nakararamdam ng pagkabahala tungkol sa eskwelahan?",
      "answer": "Sample sagot",
      "response": "Sample tugon batay sa sagot",
      "timestamp": "2025-03-17T15:34:00Z",
      "answer_id": "e315fa83-5c7d-4a50-9743-724aed3d4afe"
    }
  },
  {
    "model": "main.questionnaire",
    "pk": 5,
    "fields": {
      "user": 8,
      "question": "Ilang oras ka karaniwang natutulog sa gabi?",
      "answer": "Sample sagot",
      "response": "Sample tugon batay sa sagot",
      "timestamp": "2025-03-17T15:35:00Z",
      "answer_id": "3089d3a4-2275-4692-8355-bd5d40e5e55c"
    }
  },
  {
    "model": "main.questionnaire",
    "pk": 6,
    "fields": {
      "user": 9,
      "question": "Gaano ka tiwala sa iyong kakayahan sa pag-aaral?",
      "answer": "Sample sagot",
      "response": "Sample tugon batay sa sagot",
      "timestamp": "2025-03-17T15:36:00Z",
      "answer_id": "d00fc58c-560c-4d3e-aa57-bd5daf81bf52"
    }
  },
  {
    "model": "main.questionnaire",
    "pk": 7,
    "fields": {
      "user": 10,
      "question": "Ano ang iyong nararamdaman kapag may pagbabago sa iyong buhay?",
      "answer": "Sample sagot",
      "response": "Sample tugon batay sa sagot",
      "timestamp": "2025-03-17T15:37:00Z",
      "answer_id": "d52304b5-5c7e-4430-adef-e53b99f9193c"
    }
  },
  {
    "model": "main.questionnaire",
    "pk": 8,
    "fields": {
      "user": 11,
      "question": "Paano mo hinahati ang oras para sa pag-aaral at pahinga?",
      "answer": "Sample sagot",
      "response": "Sample tugon batay sa sagot",
      "timestamp": "2025-03-17T15:38:00Z",
      "answer_id": "85a0c282-6be8-4c35-bde2-58bfdd087e00"
    }
  },
  {
    "model": "main.questionnaire",
    "pk": 9,
    "fields": {
      "user": 12,
      "question": "Gaano ka motivated na tapusin ang iyong mga gawain?",
      "answer": "Sample sagot",
      "response": "Sample tugon batay sa sagot",
      "timestamp": "2025-03-17T15:39:00Z",
      "answer_id": "4742998a-702e-4c63-bac6-834d198c75a4"
    }
  },
  {
    "model": "main.questionnaire",
    "pk": 10,
    "fields": {
      "user": 13,
      "question": "Alam mo ba ang mga serbisyong pangkalusugan sa inyong paaralan?",
      "answer": "Sample sagot",
      "response": "Sample tugon batay sa sagot",
      "timestamp": "2025-03-17T15:40:00Z",
      "answer_id": "642079ff-0156-47ac-8f2c-bb05547de81d"
    }
  },
  {
    "model": "main.questionnaire",
    "pk": 11,
    "fields": {
      "user": 14,
      "question": "Ano ang pinaka nakaka-stress sa iyong buhay akademiko?",
      "answer": "Sample sagot",
      "response": "Sample tugon batay sa sagot",
      "timestamp": "2025-03-17T15:41:00Z",
      "answer_id": "0bea4c75-9610-439d-9c9d-b52a148e00cd"
    }
  },
  {
    "model": "main.questionnaire",
    "pk": 12,
    "fields": {
      "user": 15,
      "question": "Paano mo ilalarawan ang iyong emosyon sa nakaraang buwan?",
      "answer": "Sample sagot",
      "response": "Sample tugon batay sa sagot",
      "timestamp": "2025-03-17T15:42:00Z",
      "answer_id": "ce17bdec-3605-4a2f-bb4b-7cab86e3d522"
    }
  },
  {
    "model": "main.questionnaire",
    "pk": 13,
    "fields": {
      "user": 16,
      "question": "Gaano ka komportable na ibahagi ang iyong nararamdaman sa pamilya?",
      "answer": "Sample sagot",
      "response": "Sample tugon batay sa sagot",
      "timestamp": "2025-03-17T15:43:00Z",
      "answer_id": "f5a329c0-adf6-4d2d-be07-7ce8aabd3a0d"
    }
  },
  {
    "model": "main.questionnaire",
    "pk": 14,
    "fields": {
      "user": 17,
      "question": "Gaano kadalas ka nakararamdam ng pagkabahala tungkol sa eskwelahan?",
      "answer": "Sample sagot",
      "response": "Sample tugon batay sa sagot",
      "timestamp": "2025-03-17T15:44:00Z",
      "answer_id": "6699b4aa-d0c9-42b3-8b80-e944a388182c"
    }
  },
  {
    "model": "main.questionnaire",
    "pk": 15,
    "fields": {
      "user": 18,
      "question": "Ilang oras ka karaniwang natutulog sa gabi?",
      "answer": "Sample sagot",
      "response": "Sample tugon batay sa sagot",
      "timestamp": "2025-03-17T15:45:00Z",
      "answer_id": "61fb0850-0a0b-4cb8-80c8-cb69c9ef9034"
    }
  },
  {
    "model": "main.status",
    "pk": 1,
    "fields": {
      "user": 4,
      "title": "Status ni Juan Dela Cruz",
      "description": "Ito ay isang halimbawa ng status na isinulat sa wikang Filipino.",
      "plain_description": "Halimbawa ng status na plain text.",
      "emotion": "sad",
      "anger": 0.1,
      "disgust": 0.05,
      "fear": 0.02,
      "neutral": 0.1,
      "happiness": 0.6,
      "sadness": 0.1,
      "surprise": 0.03,
      "anger_percentage": 10,
      "disgust_percentage": 5,
      "fear_percentage": 2,
      "neutral_percentage": 10,
      "happiness_percentage": 60,
      "sadness_percentage": 10,
      "surprise_percentage": 3,
      "created_at": "2025-03-17T15:51:00Z"
    }
  },
  {
    "model": "main.status",
    "pk": 2,
    "fields": {
      "user": 5,
      "title": "Status ni Maria Clara",
      "description": "Ito ay isang halimbawa ng status na isinulat sa wikang Filipino.",
      "plain_description": "Halimbawa ng status na plain text.",
      "emotion": "happy",
      "anger": 0.2,
      "disgust": 0.1,
      "fear": 0.04,
      "neutral": 0.2,
      "happiness": 1.2,
      "sadness": 0.2,
      "surprise": 0.06,
      "anger_percentage": 20,
      "disgust_percentage": 10,
      "fear_percentage": 4,
      "neutral_percentage": 20,
      "happiness_percentage": 120,
      "sadness_percentage": 20,
      "surprise_percentage": 6,
      "created_at": "2025-03-17T15:52:00Z"
    }
  },
  {
    "model": "main.status",
    "pk": 3,
    "fields": {
      "user": 6,
      "title": "Status ni Jose Rizal",
      "description": "Ito ay isang halimbawa ng status na isinulat sa wikang Filipino.",
      "plain_description": "Halimbawa ng status na plain text.",
      "emotion": "sad",
      "anger": 0.30000000000000004,
      "disgust": 0.15000000000000002,
      "fear": 0.06,
      "neutral": 0.30000000000000004,
      "happiness": 1.7999999999999998,
      "sadness": 0.30000000000000004,
      "surprise": 0.09,
      "anger_percentage": 30,
      "disgust_percentage": 15,
      "fear_percentage": 6,
      "neutral_percentage": 30,
      "happiness_percentage": 179,
      "sadness_percentage": 30,
      "surprise_percentage": 9,
      "created_at": "2025-03-17T15:53:00Z"
    }
  },
  {
    "model": "main.status",
    "pk": 4,
    "fields": {
      "user": 7,
      "title": "Status ni Andres Bonifacio",
      "description": "Ito ay isang halimbawa ng status na isinulat sa wikang Filipino.",
      "plain_description": "Halimbawa ng status na plain text.",
      "emotion": "happy",
      "anger": 0.4,
      "disgust": 0.2,
      "fear": 0.08,
      "neutral": 0.4,
      "happiness": 2.4,
      "sadness": 0.4,
      "surprise": 0.12,
      "anger_percentage": 40,
      "disgust_percentage": 20,
      "fear_percentage": 8,
      "neutral_percentage": 40,
      "happiness_percentage": 240,
      "sadness_percentage": 40,
      "surprise_percentage": 12,
      "created_at": "2025-03-17T15:54:00Z"
    }
  },
  {
    "model": "main.status",
    "pk": 5,
    "fields": {
      "user": 8,
      "title": "Status ni Emilio Aguinaldo",
      "description": "Ito ay isang halimbawa ng status na isinulat sa wikang Filipino.",
      "plain_description": "Halimbawa ng status na plain text.",
      "emotion": "sad",
      "anger": 0.5,
      "disgust": 0.25,
      "fear": 0.1,
      "neutral": 0.5,
      "happiness": 3.0,
      "sadness": 0.5,
      "surprise": 0.15,
      "anger_percentage": 50,
      "disgust_percentage": 25,
      "fear_percentage": 10,
      "neutral_percentage": 50,
      "happiness_percentage": 300,
      "sadness_percentage": 50,
      "surprise_percentage": 15,
      "created_at": "2025-03-17T15:55:00Z"
    }
  },
  {
    "model": "main.status",
    "pk": 6,
    "fields": {
      "user": 9,
      "title": "Status ni Apolinario Mabini",
      "description": "Ito ay isang halimbawa ng status na isinulat sa wikang Filipino.",
      "plain_description": "Halimbawa ng status na plain text.",
      "emotion": "happy",
      "anger": 0.6000000000000001,
      "disgust": 0.30000000000000004,
      "fear": 0.12,
      "neutral": 0.6000000000000001,
      "happiness": 3.5999999999999996,
      "sadness": 0.6000000000000001,
      "surprise": 0.18,
      "anger_percentage": 60,
      "disgust_percentage": 30,
      "fear_percentage": 12,
      "neutral_percentage": 60,
      "happiness_percentage": 359,
      "sadness_percentage": 60,
      "surprise_percentage": 18,
      "created_at": "2025-03-17T15:56:00Z"
    }
  },
  {
    "model": "main.status",
    "pk": 7,
    "fields": {
      "user": 10,
      "title": "Status ni Melchora Aquino",
      "description": "Ito ay isang halimbawa ng status na isinulat sa wikang Filipino.",
      "plain_description": "Halimbawa ng status na plain text.",
      "emotion": "sad",
      "anger": 0.7000000000000001,
      "disgust": 0.35000000000000003,
      "fear": 0.14,
      "neutral": 0.7000000000000001,
      "happiness": 4.2,
      "sadness": 0.7000000000000001,
      "surprise": 0.21,
      "anger_percentage": 70,
      "disgust_percentage": 35,
      "fear_percentage": 14,
      "neutral_percentage": 70,
      "happiness_percentage": 420,
      "sadness_percentage": 70,
      "surprise_percentage": 21,
      "created_at": "2025-03-17T15:57:00Z"
    }
  },
  {
    "model": "main.status",
    "pk": 8,
    "fields": {
      "user": 11,
      "title": "Status ni Gregoria de Jesus",
      "description": "Ito ay isang halimbawa ng status na isinulat sa wikang Filipino.",
      "plain_description": "Halimbawa ng status na plain text.",
      "emotion": "happy",
      "anger": 0.8,
      "disgust": 0.4,
      "fear": 0.16,
      "neutral": 0.8,
      "happiness": 4.8,
      "sadness": 0.8,
      "surprise": 0.24,
      "anger_percentage": 80,
      "disgust_percentage": 40,
      "fear_percentage": 16,
      "neutral_percentage": 80,
      "happiness_percentage": 480,
      "sadness_percentage": 80,
      "surprise_percentage": 24,
      "created_at": "2025-03-17T15:58:00Z"
    }
  },
  {
    "model": "main.status",
    "pk": 9,
    "fields": {
      "user": 12,
      "title": "Status ni Gabriela Silang",
      "description": "Ito ay isang halimbawa ng status na isinulat sa wikang Filipino.",
      "plain_description": "Halimbawa ng status na plain text.",
      "emotion": "sad",
      "anger": 0.9,
      "disgust": 0.45,
      "fear": 0.18,
      "neutral": 0.9,
      "happiness": 5.3999999999999995,
      "sadness": 0.9,
      "surprise": 0.27,
      "anger_percentage": 90,
      "disgust_percentage": 45,
      "fear_percentage": 18,
      "neutral_percentage": 90,
      "happiness_percentage": 540,
      "sadness_percentage": 90,
      "surprise_percentage": 27,
      "created_at": "2025-03-17T15:59:00Z"
    }
  },
  {
    "model": "main.status",
    "pk": 10,
    "fields": {
      "user": 13,
      "title": "Status ni Antonio Luna",
      "description": "Ito ay isang halimbawa ng status na isinulat sa wikang Filipino.",
      "plain_description": "Halimbawa ng status na plain text.",
      "emotion": "happy",
      "anger": 1.0,
      "disgust": 0.5,
      "fear": 0.2,
      "neutral": 1.0,
      "happiness": 6.0,
      "sadness": 1.0,
      "surprise": 0.3,
      "anger_percentage": 100,
      "disgust_percentage": 50,
      "fear_percentage": 20,
      "neutral_percentage": 100,
      "happiness_percentage": 600,
      "sadness_percentage": 100,
      "surprise_percentage": 30,
      "created_at": "2025-03-17T16:00:00Z"
    }
  },
  {
    "model": "main.status",
    "pk": 11,
    "fields": {
      "user": 14,
      "title": "Status ni Diego Silang",
      "description": "Ito ay isang halimbawa ng status na isinulat sa wikang Filipino.",
      "plain_description": "Halimbawa ng status na plain text.",
      "emotion": "sad",
      "anger": 1.1,
      "disgust": 0.55,
      "fear": 0.22,
      "neutral": 1.1,
      "happiness": 6.6,
      "sadness": 1.1,
      "surprise": 0.32999999999999996,
      "anger_percentage": 110,
      "disgust_percentage": 55,
      "fear_percentage": 22,
      "neutral_percentage": 110,
      "happiness_percentage": 660,
      "sadness_percentage": 110,
      "surprise_percentage": 32,
      "created_at": "2025-03-17T16:01:00Z"
    }
  },
  {
    "model": "main.status",
    "pk": 12,
    "fields": {
      "user": 15,
      "title": "Status ni Carlos P. Garcia",
      "description": "Ito ay isang halimbawa ng status na isinulat sa wikang Filipino.",
      "plain_description": "Halimbawa ng status na plain text.",
      "emotion": "happy",
      "anger": 1.2000000000000002,
      "disgust": 0.6000000000000001,
      "fear": 0.24,
      "neutral": 1.2000000000000002,
      "happiness": 7.199999999999999,
      "sadness": 1.2000000000000002,
      "surprise": 0.36,
      "anger_percentage": 120,
      "disgust_percentage": 60,
      "fear_percentage": 24,
      "neutral_percentage": 120,
      "happiness_percentage": 719,
      "sadness_percentage": 120,
      "surprise_percentage": 36,
      "created_at": "2025-03-17T16:02:00Z"
    }
  },
  {
    "model": "main.status",
    "pk": 13,
    "fields": {
      "user": 16,
      "title": "Status ni Ramon Magsaysay",
      "description": "Ito ay isang halimbawa ng status na isinulat sa wikang Filipino.",
      "plain_description": "Halimbawa ng status na plain text.",
      "emotion": "sad",
      "anger": 1.3,
      "disgust": 0.65,
      "fear": 0.26,
      "neutral": 1.3,
      "happiness": 7.8,
      "sadness": 1.3,
      "surprise": 0.39,
      "anger_percentage": 130,
      "disgust_percentage": 65,
      "fear_percentage": 26,
      "neutral_percentage": 130,
      "happiness_percentage": 780,
      "sadness_percentage": 130,
      "surprise_percentage": 39,
      "created_at": "2025-03-17T16:03:00Z"
    }
  },
  {
    "model": "main.status",
    "pk": 14,
    "fields": {
      "user": 17,
      "title": "Status ni Corazon Aquino",
      "description": "Ito ay isang halimbawa ng status na isinulat sa wikang Filipino.",
      "plain_description": "Halimbawa ng status na plain text.",
      "emotion": "happy",
      "anger": 1.4000000000000001,
      "disgust": 0.7000000000000001,
      "fear": 0.28,
      "neutral": 1.4000000000000001,
      "happiness": 8.4,
      "sadness": 1.4000000000000001,
      "surprise": 0.42,
      "anger_percentage": 140,
      "disgust_percentage": 70,
      "fear_percentage": 28,
      "neutral_percentage": 140,
      "happiness_percentage": 840,
      "sadness_percentage": 140,
      "surprise_percentage": 42,
      "created_at": "2025-03-17T16:04:00Z"
    }
  },
  {
    "model": "main.status",
    "pk": 15,
    "fields": {
      "user": 18,
      "title": "Status ni Benigno Aquino III",
      "description": "Ito ay isang halimbawa ng status na isinulat sa wikang Filipino.",
      "plain_description": "Halimbawa ng status na plain text.",
      "emotion": "sad",
      "anger": 1.5,
      "disgust": 0.75,
      "fear": 0.3,
      "neutral": 1.5,
      "happiness": 9.0,
      "sadness": 1.5,
      "surprise": 0.44999999999999996,
      "anger_percentage": 150,
      "disgust_percentage": 75,
      "fear_percentage": 30,
      "neutral_percentage": 150,
      "happiness_percentage": 900,
      "sadness_percentage": 150,
      "surprise_percentage": 44,
      "created_at": "2025-03-17T16:05:00Z"
    }
  },
  {
    "model": "main.notificationcounselor",
    "pk": 1,
    "fields": {
      "user": 6,
      "message": "Juan Dela Cruz ay nag-post ng bagong status.",
      "link": "/status/1/",
      "is_read": false,
      "created_at": "2025-03-17T16:11:00Z",
      "status": 1
    }
  },
  {
    "model": "main.notificationcounselor",
    "pk": 2,
    "fields": {
      "user": 6,
      "message": "Maria Clara ay nag-post ng bagong status.",
      "link": "/status/2/",
      "is_read": false,
      "created_at": "2025-03-17T16:12:00Z",
      "status": 2
    }
  },
  {
    "model": "main.notificationcounselor",
    "pk": 3,
    "fields": {
      "user": 6,
      "message": "Jose Rizal ay nag-post ng bagong status.",
      "link": "/status/3/",
      "is_read": false,
      "created_at": "2025-03-17T16:13:00Z",
      "status": 3
    }
  },
  {
    "model": "main.notificationcounselor",
    "pk": 4,
    "fields": {
      "user": 6,
      "message": "Andres Bonifacio ay nag-post ng bagong status.",
      "link": "/status/4/",
      "is_read": false,
      "created_at": "2025-03-17T16:14:00Z",
      "status": 4
    }
  },
  {
    "model": "main.notificationcounselor",
    "pk": 5,
    "fields": {
      "user": 6,
      "message": "Emilio Aguinaldo ay nag-post ng bagong status.",
      "link": "/status/5/",
      "is_read": false,
      "created_at": "2025-03-17T16:15:00Z",
      "status": 5
    }
  },
  {
    "model": "main.notificationcounselor",
    "pk": 6,
    "fields": {
      "user": 6,
      "message": "Apolinario Mabini ay nag-post ng bagong status.",
      "link": "/status/6/",
      "is_read": false,
      "created_at": "2025-03-17T16:16:00Z",
      "status": 6
    }
  },
  {
    "model": "main.notificationcounselor",
    "pk": 7,
    "fields": {
      "user": 6,
      "message": "Melchora Aquino ay nag-post ng bagong status.",
      "link": "/status/7/",
      "is_read": false,
      "created_at": "2025-03-17T16:17:00Z",
      "status": 7
    }
  },
  {
    "model": "main.notificationcounselor",
    "pk": 8,
    "fields": {
      "user": 6,
      "message": "Gregoria de Jesus ay nag-post ng bagong status.",
      "link": "/status/8/",
      "is_read": false,
      "created_at": "2025-03-17T16:18:00Z",
      "status": 8
    }
  },
  {
    "model": "main.notificationcounselor",
    "pk": 9,
    "fields": {
      "user": 6,
      "message": "Gabriela Silang ay nag-post ng bagong status.",
      "link": "/status/9/",
      "is_read": false,
      "created_at": "2025-03-17T16:19:00Z",
      "status": 9
    }
  },
  {
    "model": "main.notificationcounselor",
    "pk": 10,
    "fields": {
      "user": 6,
      "message": "Antonio Luna ay nag-post ng bagong status.",
      "link": "/status/10/",
      "is_read": false,
      "created_at": "2025-03-17T16:20:00Z",
      "status": 10
    }
  },
  {
    "model": "main.notificationcounselor",
    "pk": 11,
    "fields": {
      "user": 6,
      "message": "Diego Silang ay nag-post ng bagong status.",
      "link": "/status/11/",
      "is_read": false,
      "created_at": "2025-03-17T16:21:00Z",
      "status": 11
    }
  },
  {
    "model": "main.notificationcounselor",
    "pk": 12,
    "fields": {
      "user": 6,
      "message": "Carlos P. Garcia ay nag-post ng bagong status.",
      "link": "/status/12/",
      "is_read": false,
      "created_at": "2025-03-17T16:22:00Z",
      "status": 12
    }
  },
  {
    "model": "main.notificationcounselor",
    "pk": 13,
    "fields": {
      "user": 6,
      "message": "Ramon Magsaysay ay nag-post ng bagong status.",
      "link": "/status/13/",
      "is_read": false,
      "created_at": "2025-03-17T16:23:00Z",
      "status": 13
    }
  },
  {
    "model": "main.notificationcounselor",
    "pk": 14,
    "fields": {
      "user": 6,
      "message": "Corazon Aquino ay nag-post ng bagong status.",
      "link": "/status/14/",
      "is_read": false,
      "created_at": "2025-03-17T16:24:00Z",
      "status": 14
    }
  },
  {
    "model": "main.notificationcounselor",
    "pk": 15,
    "fields": {
      "user": 6,
      "message": "Benigno Aquino III ay nag-post ng bagong status.",
      "link": "/status/15/",
      "is_read": false,
      "created_at": "2025-03-17T16:25:00Z",
      "status": 15
    }
  },
  {
    "model": "main.notification",
    "pk": 1,
    "fields": {
      "user": 4,
      "status": 1,
      "reply": null,
      "notification_type": "status",
      "message": "May bagong update sa iyong status #1.",
      "link": "/status/1/",
      "avatar": null,
      "is_read": false,
      "created_at": "2025-03-17T16:31:00Z"
    }
  },
  {
    "model": "main.notification",
    "pk": 2,
    "fields": {
      "user": 5,
      "status": 2,
      "reply": null,
      "notification_type": "status",
      "message": "May bagong update sa iyong status #2.",
      "link": "/status/2/",
      "avatar": null,
      "is_read": false,
      "created_at": "2025-03-17T16:32:00Z"
    }
  },
  {
    "model": "main.notification",
    "pk": 3,
    "fields": {
      "user": 6,
      "status": 3,
      "reply": null,
      "notification_type": "status",
      "message": "May bagong update sa iyong status #3.",
      "link": "/status/3/",
      "avatar": null,
      "is_read": false,
      "created_at": "2025-03-17T16:33:00Z"
    }
  },
  {
    "model": "main.notification",
    "pk": 4,
    "fields": {
      "user": 7,
      "status": 4,
      "reply": null,
      "notification_type": "status",
      "message": "May bagong update sa iyong status #4.",
      "link": "/status/4/",
      "avatar": null,
      "is_read": false,
      "created_at": "2025-03-17T16:34:00Z"
    }
  },
  {
    "model": "main.notification",
    "pk": 5,
    "fields": {
      "user": 8,
      "status": 5,
      "reply": null,
      "notification_type": "status",
      "message": "May bagong update sa iyong status #5.",
      "link": "/status/5/",
      "avatar": null,
      "is_read": false,
      "created_at": "2025-03-17T16:35:00Z"
    }
  },
  {
    "model": "main.notification",
    "pk": 6,
    "fields": {
      "user": 9,
      "status": 6,
      "reply": null,
      "notification_type": "status",
      "message": "May bagong update sa iyong status #6.",
      "link": "/status/6/",
      "avatar": null,
      "is_read": false,
      "created_at": "2025-03-17T16:36:00Z"
    }
  },
  {
    "model": "main.notification",
    "pk": 7,
    "fields": {
      "user": 10,
      "status": 7,
      "reply": null,
      "notification_type": "status",
      "message": "May bagong update sa iyong status #7.",
      "link": "/status/7/",
      "avatar": null,
      "is_read": false,
      "created_at": "2025-03-17T16:37:00Z"
    }
  },
  {
    "model": "main.notification",
    "pk": 8,
    "fields": {
      "user": 11,
      "status": 8,
      "reply": null,
      "notification_type": "status",
      "message": "May bagong update sa iyong status #8.",
      "link": "/status/8/",
      "avatar": null,
      "is_read": false,
      "created_at": "2025-03-17T16:38:00Z"
    }
  },
  {
    "model": "main.notification",
    "pk": 9,
    "fields": {
      "user": 12,
      "status": 9,
      "reply": null,
      "notification_type": "status",
      "message": "May bagong update sa iyong status #9.",
      "link": "/status/9/",
      "avatar": null,
      "is_read": false,
      "created_at": "2025-03-17T16:39:00Z"
    }
  },
  {
    "model": "main.notification",
    "pk": 10,
    "fields": {
      "user": 13,
      "status": 10,
      "reply": null,
      "notification_type": "status",
      "message": "May bagong update sa iyong status #10.",
      "link": "/status/10/",
      "avatar": null,
      "is_read": false,
      "created_at": "2025-03-17T16:40:00Z"
    }
  },
  {
    "model": "main.notification",
    "pk": 11,
    "fields": {
      "user": 14,
      "status": 11,
      "reply": null,
      "notification_type": "status",
      "message": "May bagong update sa iyong status #11.",
      "link": "/status/11/",
      "avatar": null,
      "is_read": false,
      "created_at": "2025-03-17T16:41:00Z"
    }
  },
  {
    "model": "main.notification",
    "pk": 12,
    "fields": {
      "user": 15,
      "status": 12,
      "reply": null,
      "notification_type": "status",
      "message": "May bagong update sa iyong status #12.",
      "link": "/status/12/",
      "avatar": null,
      "is_read": false,
      "created_at": "2025-03-17T16:42:00Z"
    }
  },
  {
    "model": "main.notification",
    "pk": 13,
    "fields": {
      "user": 16,
      "status": 13,
      "reply": null,
      "notification_type": "status",
      "message": "May bagong update sa iyong status #13.",
      "link": "/status/13/",
      "avatar": null,
      "is_read": false,
      "created_at": "2025-03-17T16:43:00Z"
    }
  },
  {
    "model": "main.notification",
    "pk": 14,
    "fields": {
      "user": 17,
      "status": 14,
      "reply": null,
      "notification_type": "status",
      "message": "May bagong update sa iyong status #14.",
      "link": "/status/14/",
      "avatar": null,
      "is_read": false,
      "created_at": "2025-03-17T16:44:00Z"
    }
  },
  {
    "model": "main.notification",
    "pk": 15,
    "fields": {
      "user": 18,
      "status": 15,
      "reply": null,
      "notification_type": "status",
      "message": "May bagong update sa iyong status #15.",
      "link": "/status/15/",
      "avatar": null,
      "is_read": false,
      "created_at": "2025-03-17T16:45:00Z"
    }
  },
  {
    "model": "main.replynotification",
    "pk": 1,
    "fields": {
      "user": 4,
      "status": 1,
      "reply": 1,
      "notification_type": "reply",
      "message": "Juan Dela Cruz ay nag-reply sa iyong status.",
      "link": "/status/1/",
      "avatar": null,
      "is_read": false,
      "created_at": "2025-03-17T16:51:00Z",
      "replied_by": 5
    }
  },
  {
    "model": "main.replynotification",
    "pk": 2,
    "fields": {
      "user": 5,
      "status": 2,
      "reply": 2,
      "notification_type": "reply",
      "message": "Maria Clara ay nag-reply sa iyong status.",
      "link": "/status/2/",
      "avatar": null,
      "is_read": false,
      "created_at": "2025-03-17T16:52:00Z",
      "replied_by": 6
    }
  },
  {
    "model": "main.replynotification",
    "pk": 3,
    "fields": {
      "user": 6,
      "status": 3,
      "reply": 3,
      "notification_type": "reply",
      "message": "Jose Rizal ay nag-reply sa iyong status.",
      "link": "/status/3/",
      "avatar": null,
      "is_read": false,
      "created_at": "2025-03-17T16:53:00Z",
      "replied_by": 7
    }
  },
  {
    "model": "main.replynotification",
    "pk": 4,
    "fields": {
      "user": 7,
      "status": 4,
      "reply": 4,
      "notification_type": "reply",
      "message": "Andres Bonifacio ay nag-reply sa iyong status.",
      "link": "/status/4/",
      "avatar": null,
      "is_read": false,
      "created_at": "2025-03-17T16:54:00Z",
      "replied_by": 8
    }
  },
  {
    "model": "main.replynotification",
    "pk": 5,
    "fields": {
      "user": 8,
      "status": 5,
      "reply": 5,
      "notification_type": "reply",
      "message": "Emilio Aguinaldo ay nag-reply sa iyong status.",
      "link": "/status/5/",
      "avatar": null,
      "is_read": false,
      "created_at": "2025-03-17T16:55:00Z",
      "replied_by": 9
    }
  },
  {
    "model": "main.replynotification",
    "pk": 6,
    "fields": {
      "user": 9,
      "status": 6,
      "reply": 6,
      "notification_type": "reply",
      "message": "Apolinario Mabini ay nag-reply sa iyong status.",
      "link": "/status/6/",
      "avatar": null,
      "is_read": false,
      "created_at": "2025-03-17T16:56:00Z",
      "replied_by": 10
    }
  },
  {
    "model": "main.replynotification",
    "pk": 7,
    "fields": {
      "user": 10,
      "status": 7,
      "reply": 7,
      "notification_type": "reply",
      "message": "Melchora Aquino ay nag-reply sa iyong status.",
      "link": "/status/7/",
      "avatar": null,
      "is_read": false,
      "created_at": "2025-03-17T16:57:00Z",
      "replied_by": 11
    }
  },
  {
    "model": "main.replynotification",
    "pk": 8,
    "fields": {
      "user": 11,
      "status": 8,
      "reply": 8,
      "notification_type": "reply",
      "message": "Gregoria de Jesus ay nag-reply sa iyong status.",
      "link": "/status/8/",
      "avatar": null,
      "is_read": false,
      "created_at": "2025-03-17T16:58:00Z",
      "replied_by": 12
    }
  },
  {
    "model": "main.replynotification",
    "pk": 9,
    "fields": {
      "user": 12,
      "status": 9,
      "reply": 9,
      "notification_type": "reply",
      "message": "Gabriela Silang ay nag-reply sa iyong status.",
      "link": "/status/9/",
      "avatar": null,
      "is_read": false,
      "created_at": "2025-03-17T16:59:00Z",
      "replied_by": 13
    }
  },
  {
    "model": "main.replynotification",
    "pk": 10,
    "fields": {
      "user": 13,
      "status": 10,
      "reply": 10,
      "notification_type": "reply",
      "message": "Antonio Luna ay nag-reply sa iyong status.",
      "link": "/status/10/",
      "avatar": null,
      "is_read": false,
      "created_at": "2025-03-17T17:00:00Z",
      "replied_by": 14
    }
  },
  {
    "model": "main.replynotification",
    "pk": 11,
    "fields": {
      "user": 14,
      "status": 11,
      "reply": 11,
      "notification_type": "reply",
      "message": "Diego Silang ay nag-reply sa iyong status.",
      "link": "/status/11/",
      "avatar": null,
      "is_read": false,
      "created_at": "2025-03-17T17:01:00Z",
      "replied_by": 15
    }
  },
  {
    "model": "main.replynotification",
    "pk": 12,
    "fields": {
      "user": 15,
      "status": 12,
      "reply": 12,
      "notification_type": "reply",
      "message": "Carlos P. Garcia ay nag-reply sa iyong status.",
      "link": "/status/12/",
      "avatar": null,
      "is_read": false,
      "created_at": "2025-03-17T17:02:00Z",
      "replied_by": 16
    }
  },
  {
    "model": "main.replynotification",
    "pk": 13,
    "fields": {
      "user": 16,
      "status": 13,
      "reply": 13,
      "notification_type": "reply",
      "message": "Ramon Magsaysay ay nag-reply sa iyong status.",
      "link": "/status/13/",
      "avatar": null,
      "is_read": false,
      "created_at": "2025-03-17T17:03:00Z",
      "replied_by": 17
    }
  },
  {
    "model": "main.replynotification",
    "pk": 14,
    "fields": {
      "user": 17,
      "status": 14,
      "reply": 14,
      "notification_type": "reply",
      "message": "Corazon Aquino ay nag-reply sa iyong status.",
      "link": "/status/14/",
      "avatar": null,
      "is_read": false,
      "created_at": "2025-03-17T17:04:00Z",
      "replied_by": 18
    }
  },
  {
    "model": "main.replynotification",
    "pk": 15,
    "fields": {
      "user": 18,
      "status": 15,
      "reply": 15,
      "notification_type": "reply",
      "message": "Benigno Aquino III ay nag-reply sa iyong status.",
      "link": "/status/15/",
      "avatar": null,
      "is_read": false,
      "created_at": "2025-03-17T17:05:00Z",
      "replied_by": 4
    }
  },
  {
    "model": "main.usernotificationsettings",
    "pk": 1,
    "fields": {
      "user": 4,
      "has_clicked_notification": false
    }
  },
  {
    "model": "main.usernotificationsettings",
    "pk": 2,
    "fields": {
      "user": 5,
      "has_clicked_notification": false
    }
  },
  {
    "model": "main.usernotificationsettings",
    "pk": 3,
    "fields": {
      "user": 6,
      "has_clicked_notification": false
    }
  },
  {
    "model": "main.usernotificationsettings",
    "pk": 4,
    "fields": {
      "user": 7,
      "has_clicked_notification": false
    }
  },
  {
    "model": "main.usernotificationsettings",
    "pk": 5,
    "fields": {
      "user": 8,
      "has_clicked_notification": false
    }
  },
  {
    "model": "main.usernotificationsettings",
    "pk": 6,
    "fields": {
      "user": 9,
      "has_clicked_notification": false
    }
  },
  {
    "model": "main.usernotificationsettings",
    "pk": 7,
    "fields": {
      "user": 10,
      "has_clicked_notification": false
    }
  },
  {
    "model": "main.usernotificationsettings",
    "pk": 8,
    "fields": {
      "user": 11,
      "has_clicked_notification": false
    }
  },
  {
    "model": "main.usernotificationsettings",
    "pk": 9,
    "fields": {
      "user": 12,
      "has_clicked_notification": false
    }
  },
  {
    "model": "main.usernotificationsettings",
    "pk": 10,
    "fields": {
      "user": 13,
      "has_clicked_notification": false
    }
  },
  {
    "model": "main.usernotificationsettings",
    "pk": 11,
    "fields": {
      "user": 14,
      "has_clicked_notification": false
    }
  },
  {
    "model": "main.usernotificationsettings",
    "pk": 12,
    "fields": {
      "user": 15,
      "has_clicked_notification": false
    }
  },
  {
    "model": "main.usernotificationsettings",
    "pk": 13,
    "fields": {
      "user": 16,
      "has_clicked_notification": false
    }
  },
  {
    "model": "main.usernotificationsettings",
    "pk": 14,
    "fields": {
      "user": 17,
      "has_clicked_notification": false
    }
  },
  {
    "model": "main.usernotificationsettings",
    "pk": 15,
    "fields": {
      "user": 18,
      "has_clicked_notification": false
    }
  },
  {
    "model": "main.referral",
    "pk": 1,
    "fields": {
      "status": 1,
      "referred_by": 4,
      "highlighted_title": "Highlight ng Status #1",
      "highlighted_description": "Maikling paliwanag kung bakit inirerefer.",
      "referral_reason": "Kulang ang paliwanag",
      "other_reason": "",
      "created_at": "2025-03-17T17:11:00Z"
    }
  },
  {
    "model": "main.referral",
    "pk": 2,
    "fields": {
      "status": 2,
      "referred_by": 5,
      "highlighted_title": "Highlight ng Status #2",
      "highlighted_description": "Maikling paliwanag kung bakit inirerefer.",
      "referral_reason": "Kulang ang paliwanag",
      "other_reason": "",
      "created_at": "2025-03-17T17:12:00Z"
    }
  },
  {
    "model": "main.referral",
    "pk": 3,
    "fields": {
      "status": 3,
      "referred_by": 6,
      "highlighted_title": "Highlight ng Status #3",
      "highlighted_description": "Maikling paliwanag kung bakit inirerefer.",
      "referral_reason": "Kulang ang paliwanag",
      "other_reason": "",
      "created_at": "2025-03-17T17:13:00Z"
    }
  },
  {
    "model": "main.referral",
    "pk": 4,
    "fields": {
      "status": 4,
      "referred_by": 7,
      "highlighted_title": "Highlight ng Status #4",
      "highlighted_description": "Maikling paliwanag kung bakit inirerefer.",
      "referral_reason": "Kulang ang paliwanag",
      "other_reason": "",
      "created_at": "2025-03-17T17:14:00Z"
    }
  },
  {
    "model": "main.referral",
    "pk": 5,
    "fields": {
      "status": 5,
      "referred_by": 8,
      "highlighted_title": "Highlight ng Status #5",
      "highlighted_description": "Maikling paliwanag kung bakit inirerefer.",
      "referral_reason": "Kulang ang paliwanag",
      "other_reason": "",
      "created_at": "2025-03-17T17:15:00Z"
    }
  },
  {
    "model": "main.referral",
    "pk": 6,
    "fields": {
      "status": 6,
      "referred_by": 9,
      "highlighted_title": "Highlight ng Status #6",
      "highlighted_description": "Maikling paliwanag kung bakit inirerefer.",
      "referral_reason": "Kulang ang paliwanag",
      "other_reason": "",
      "created_at": "2025-03-17T17:16:00Z"
    }
  },
  {
    "model": "main.referral",
    "pk": 7,
    "fields": {
      "status": 7,
      "referred_by": 10,
      "highlighted_title": "Highlight ng Status #7",
      "highlighted_description": "Maikling paliwanag kung bakit inirerefer.",
      "referral_reason": "Kulang ang paliwanag",
      "other_reason": "",
      "created_at": "2025-03-17T17:17:00Z"
    }
  },
  {
    "model": "main.referral",
    "pk": 8,
    "fields": {
      "status": 8,
      "referred_by": 11,
      "highlighted_title": "Highlight ng Status #8",
      "highlighted_description": "Maikling paliwanag kung bakit inirerefer.",
      "referral_reason": "Kulang ang paliwanag",
      "other_reason": "",
      "created_at": "2025-03-17T17:18:00Z"
    }
  },
  {
    "model": "main.referral",
    "pk": 9,
    "fields": {
      "status": 9,
      "referred_by": 12,
      "highlighted_title": "Highlight ng Status #9",
      "highlighted_description": "Maikling paliwanag kung bakit inirerefer.",
      "referral_reason": "Kulang ang paliwanag",
      "other_reason": "",
      "created_at": "2025-03-17T17:19:00Z"
    }
  },
  {
    "model": "main.referral",
    "pk": 10,
    "fields": {
      "status": 10,
      "referred_by": 13,
      "highlighted_title": "Highlight ng Status #10",
      "highlighted_description": "Maikling paliwanag kung bakit inirerefer.",
      "referral_reason": "Kulang ang paliwanag",
      "other_reason": "",
      "created_at": "2025-03-17T17:20:00Z"
    }
  },
  {
    "model": "main.referral",
    "pk": 11,
    "fields": {
      "status": 11,
      "referred_by": 14,
      "highlighted_title": "Highlight ng Status #11",
      "highlighted_description": "Maikling paliwanag kung bakit inirerefer.",
      "referral_reason": "Kulang ang paliwanag",
      "other_reason": "",
      "created_at": "2025-03-17T17:21:00Z"
    }
  },
  {
    "model": "main.referral",
    "pk": 12,
    "fields": {
      "status": 12,
      "referred_by": 15,
      "highlighted_title": "Highlight ng Status #12",
      "highlighted_description": "Maikling paliwanag kung bakit inirerefer.",
      "referral_reason": "Kulang ang paliwanag",
      "other_reason": "",
      "created_at": "2025-03-17T17:22:00Z"
    }
  },
  {
    "model": "main.referral",
    "pk": 13,
    "fields": {
      "status": 13,
      "referred_by": 16,
      "highlighted_title": "Highlight ng Status #13",
      "highlighted_description": "Maikling paliwanag kung bakit inirerefer.",
      "referral_reason": "Kulang ang paliwanag",
      "other_reason": "",
      "created_at": "2025-03-17T17:23:00Z"
    }
  },
  {
    "model": "main.referral",
    "pk": 14,
    "fields": {
      "status": 14,
      "referred_by": 17,
      "highlighted_title": "Highlight ng Status #14",
      "highlighted_description": "Maikling paliwanag kung bakit inirerefer.",
      "referral_reason": "Kulang ang paliwanag",
      "other_reason": "",
      "created_at": "2025-03-17T17:24:00Z"
    }
  },
  {
    "model": "main.referral",
    "pk": 15,
    "fields": {
      "status": 15,
      "referred_by": 18,
      "highlighted_title": "Highlight ng Status #15",
      "highlighted_description": "Maikling paliwanag kung bakit inirerefer.",
      "referral_reason": "Kulang ang paliwanag",
      "other_reason": "",
      "created_at": "2025-03-17T17:25:00Z"
    }
  },
  {
    "model": "main.profanityword",
    "pk": 1,
    "fields": {
      "word_list": [
        "gago",
        "tanga",
        "bobo",
        "ulol",
        "buwisit",
        "peste",
        "tangina",
        "leche",
        "puta",
        "burat",
        "siraulo",
        "tarantado",
        "yawa",
        "bugtong",
        "kalbo"
      ]
    }
  },
  {
    "model": "main.reply",
    "pk": 1,
    "fields": {
      "status": 1,
      "parent_reply": null,
      "user": 6,
      "text": "Reply sample #1 mula kay Juan Dela Cruz.",
      "created_at": "2025-03-17T17:31:00Z"
    }
  },
  {
    "model": "main.reply",
    "pk": 2,
    "fields": {
      "status": 2,
      "parent_reply": null,
      "user": 7,
      "text": "Reply sample #2 mula kay Maria Clara.",
      "created_at": "2025-03-17T17:32:00Z"
    }
  },
  {
    "model": "main.reply",
    "pk": 3,
    "fields": {
      "status": 3,
      "parent_reply": null,
      "user": 8,
      "text": "Reply sample #3 mula kay Jose Rizal.",
      "created_at": "2025-03-17T17:33:00Z"
    }
  },
  {
    "model": "main.reply",
    "pk": 4,
    "fields": {
      "status": 4,
      "parent_reply": null,
      "user": 9,
      "text": "Reply sample #4 mula kay Andres Bonifacio.",
      "created_at": "2025-03-17T17:34:00Z"
    }
  },
  {
    "model": "main.reply",
    "pk": 5,
    "fields": {
      "status": 5,
      "parent_reply": null,
      "user": 10,
      "text": "Reply sample #5 mula kay Emilio Aguinaldo.",
      "created_at": "2025-03-17T17:35:00Z"
    }
  },
  {
    "model": "main.reply",
    "pk": 6,
    "fields": {
      "status": 6,
      "parent_reply": null,
      "user": 11,
      "text": "Reply sample #6 mula kay Apolinario Mabini.",
      "created_at": "2025-03-17T17:36:00Z"
    }
  },
  {
    "model": "main.reply",
    "pk": 7,
    "fields": {
      "status": 7,
      "parent_reply": null,
      "user": 12,
      "text": "Reply sample #7 mula kay Melchora Aquino.",
      "created_at": "2025-03-17T17:37:00Z"
    }
  },
  {
    "model": "main.reply",
    "pk": 8,
    "fields": {
      "status": 8,
      "parent_reply": null,
      "user": 13,
      "text": "Reply sample #8 mula kay Gregoria de Jesus.",
      "created_at": "2025-03-17T17:38:00Z"
    }
  },
  {
    "model": "main.reply",
    "pk": 9,
    "fields": {
      "status": 9,
      "parent_reply": null,
      "user": 14,
      "text": "Reply sample #9 mula kay Gabriela Silang.",
      "created_at": "2025-03-17T17:39:00Z"
    }
  },
  {
    "model": "main.reply",
    "pk": 10,
    "fields": {
      "status": 10,
      "parent_reply": null,
      "user": 15,
      "text": "Reply sample #10 mula kay Antonio Luna.",
      "created_at": "2025-03-17T17:40:00Z"
    }
  },
  {
    "model": "main.reply",
    "pk": 11,
    "fields": {
      "status": 11,
      "parent_reply": null,
      "user": 16,
      "text": "Reply sample #11 mula kay Diego Silang.",
      "created_at": "2025-03-17T17:41:00Z"
    }
  },
  {
    "model": "main.reply",
    "pk": 12,
    "fields": {
      "status": 12,
      "parent_reply": null,
      "user": 17,
      "text": "Reply sample #12 mula kay Carlos P. Garcia.",
      "created_at": "2025-03-17T17:42:00Z"
    }
  },
  {
    "model": "main.reply",
    "pk": 13,
    "fields": {
      "status": 13,
      "parent_reply": null,
      "user": 18,
      "text": "Reply sample #13 mula kay Ramon Magsaysay.",
      "created_at": "2025-03-17T17:43:00Z"
    }
  },
  {
    "model": "main.reply",
    "pk": 14,
    "fields": {
      "status": 14,
      "parent_reply": null,
      "user": 4,
      "text": "Reply sample #14 mula kay Corazon Aquino.",
      "created_at": "2025-03-17T17:44:00Z"
    }
  },
  {
    "model": "main.reply",
    "pk": 15,
    "fields": {
      "status": 15,
      "parent_reply": null,
      "user": 5,
      "text": "Reply sample #15 mula kay Benigno Aquino III.",
      "created_at": "2025-03-17T17:45:00Z"
    }
  },
  {
    "model": "main.chatsession",
    "pk": 1,
    "fields": {
      "user": 4,
      "counselor": 6,
      "is_active": true,
      "started_at": "2025-03-17T17:51:00Z",
      "ended_at": null,
      "last_message_at": "2025-03-17T17:51:00Z"
    }
  },
  {
    "model": "main.chatsession",
    "pk": 2,
    "fields": {
      "user": 5,
      "counselor": 6,
      "is_active": true,
      "started_at": "2025-03-17T17:52:00Z",
      "ended_at": null,
      "last_message_at": "2025-03-17T17:52:00Z"
    }
  },
  {
    "model": "main.chatsession",
    "pk": 3,
    "fields": {
      "user": 6,
      "counselor": 6,
      "is_active": true,
      "started_at": "2025-03-17T17:53:00Z",
      "ended_at": null,
      "last_message_at": "2025-03-17T17:53:00Z"
    }
  },
  {
    "model": "main.chatsession",
    "pk": 4,
    "fields": {
      "user": 7,
      "counselor": 6,
      "is_active": true,
      "started_at": "2025-03-17T17:54:00Z",
      "ended_at": null,
      "last_message_at": "2025-03-17T17:54:00Z"
    }
  },
  {
    "model": "main.chatsession",
    "pk": 5,
    "fields": {
      "user": 8,
      "counselor": 6,
      "is_active": true,
      "started_at": "2025-03-17T17:55:00Z",
      "ended_at": null,
      "last_message_at": "2025-03-17T17:55:00Z"
    }
  },
  {
    "model": "main.chatsession",
    "pk": 6,
    "fields": {
      "user": 9,
      "counselor": 6,
      "is_active": true,
      "started_at": "2025-03-17T17:56:00Z",
      "ended_at": null,
      "last_message_at": "2025-03-17T17:56:00Z"
    }
  },
  {
    "model": "main.chatsession",
    "pk": 7,
    "fields": {
      "user": 10,
      "counselor": 6,
      "is_active": true,
      "started_at": "2025-03-17T17:57:00Z",
      "ended_at": null,
      "last_message_at": "2025-03-17T17:57:00Z"
    }
  },
  {
    "model": "main.chatsession",
    "pk": 8,
    "fields": {
      "user": 11,
      "counselor": 6,
      "is_active": true,
      "started_at": "2025-03-17T17:58:00Z",
      "ended_at": null,
      "last_message_at": "2025-03-17T17:58:00Z"
    }
  },
  {
    "model": "main.chatsession",
    "pk": 9,
    "fields": {
      "user": 12,
      "counselor": 6,
      "is_active": true,
      "started_at": "2025-03-17T17:59:00Z",
      "ended_at": null,
      "last_message_at": "2025-03-17T17:59:00Z"
    }
  },
  {
    "model": "main.chatsession",
    "pk": 10,
    "fields": {
      "user": 13,
      "counselor": 6,
      "is_active": true,
      "started_at": "2025-03-17T18:00:00Z",
      "ended_at": null,
      "last_message_at": "2025-03-17T18:00:00Z"
    }
  },
  {
    "model": "main.chatsession",
    "pk": 11,
    "fields": {
      "user": 14,
      "counselor": 6,
      "is_active": true,
      "started_at": "2025-03-17T18:01:00Z",
      "ended_at": null,
      "last_message_at": "2025-03-17T18:01:00Z"
    }
  },
  {
    "model": "main.chatsession",
    "pk": 12,
    "fields": {
      "user": 15,
      "counselor": 6,
      "is_active": true,
      "started_at": "2025-03-17T18:02:00Z",
      "ended_at": null,
      "last_message_at": "2025-03-17T18:02:00Z"
    }
  },
  {
    "model": "main.chatsession",
    "pk": 13,
    "fields": {
      "user": 16,
      "counselor": 6,
      "is_active": true,
      "started_at": "2025-03-17T18:03:00Z",
      "ended_at": null,
      "last_message_at": "2025-03-17T18:03:00Z"
    }
  },
  {
    "model": "main.chatsession",
    "pk": 14,
    "fields": {
      "user": 17,
      "counselor": 6,
      "is_active": true,
      "started_at": "2025-03-17T18:04:00Z",
      "ended_at": null,
      "last_message_at": "2025-03-17T18:04:00Z"
    }
  },
  {
    "model": "main.chatsession",
    "pk": 15,
    "fields": {
      "user": 18,
      "counselor": 6,
      "is_active": true,
      "started_at": "2025-03-17T18:05:00Z",
      "ended_at": null,
      "last_message_at": "2025-03-17T18:05:00Z"
    }
  },
  {
    "model": "main.counselormessage",
    "pk": 1,
    "fields": {
      "chat_session": 1,
      "sender": 6,
      "recipient": 4,
      "message": "Kamusta, ito ay mensahe mula sa counselor para sa session #1.",
      "timestamp": "2025-03-17T18:11:00Z"
    }
  },
  {
    "model": "main.counselormessage",
    "pk": 2,
    "fields": {
      "chat_session": 2,
      "sender": 6,
      "recipient": 5,
      "message": "Kamusta, ito ay mensahe mula sa counselor para sa session #2.",
      "timestamp": "2025-03-17T18:12:00Z"
    }
  },
  {
    "model": "main.counselormessage",
    "pk": 3,
    "fields": {
      "chat_session": 3,
      "sender": 6,
      "recipient": 6,
      "message": "Kamusta, ito ay mensahe mula sa counselor para sa session #3.",
      "timestamp": "2025-03-17T18:13:00Z"
    }
  },
  {
    "model": "main.counselormessage",
    "pk": 4,
    "fields": {
      "chat_session": 4,
      "sender": 6,
      "recipient": 7,
      "message": "Kamusta, ito ay mensahe mula sa counselor para sa session #4.",
      "timestamp": "2025-03-17T18:14:00Z"
    }
  },
  {
    "model": "main.counselormessage",
    "pk": 5,
    "fields": {
      "chat_session": 5,
      "sender": 6,
      "recipient": 8,
      "message": "Kamusta, ito ay mensahe mula sa counselor para sa session #5.",
      "timestamp": "2025-03-17T18:15:00Z"
    }
  },
  {
    "model": "main.counselormessage",
    "pk": 6,
    "fields": {
      "chat_session": 6,
      "sender": 6,
      "recipient": 9,
      "message": "Kamusta, ito ay mensahe mula sa counselor para sa session #6.",
      "timestamp": "2025-03-17T18:16:00Z"
    }
  },
  {
    "model": "main.counselormessage",
    "pk": 7,
    "fields": {
      "chat_session": 7,
      "sender": 6,
      "recipient": 10,
      "message": "Kamusta, ito ay mensahe mula sa counselor para sa session #7.",
      "timestamp": "2025-03-17T18:17:00Z"
    }
  },
  {
    "model": "main.counselormessage",
    "pk": 8,
    "fields": {
      "chat_session": 8,
      "sender": 6,
      "recipient": 11,
      "message": "Kamusta, ito ay mensahe mula sa counselor para sa session #8.",
      "timestamp": "2025-03-17T18:18:00Z"
    }
  },
  {
    "model": "main.counselormessage",
    "pk": 9,
    "fields": {
      "chat_session": 9,
      "sender": 6,
      "recipient": 12,
      "message": "Kamusta, ito ay mensahe mula sa counselor para sa session #9.",
      "timestamp": "2025-03-17T18:19:00Z"
    }
  },
  {
    "model": "main.counselormessage",
    "pk": 10,
    "fields": {
      "chat_session": 10,
      "sender": 6,
      "recipient": 13,
      "message": "Kamusta, ito ay mensahe mula sa counselor para sa session #10.",
      "timestamp": "2025-03-17T18:20:00Z"
    }
  },
  {
    "model": "main.counselormessage",
    "pk": 11,
    "fields": {
      "chat_session": 11,
      "sender": 6,
      "recipient": 14,
      "message": "Kamusta, ito ay mensahe mula sa counselor para sa session #11.",
      "timestamp": "2025-03-17T18:21:00Z"
    }
  },
  {
    "model": "main.counselormessage",
    "pk": 12,
    "fields": {
      "chat_session": 12,
      "sender": 6,
      "recipient": 15,
      "message": "Kamusta, ito ay mensahe mula sa counselor para sa session #12.",
      "timestamp": "2025-03-17T18:22:00Z"
    }
  },
  {
    "model": "main.counselormessage",
    "pk": 13,
    "fields": {
      "chat_session": 13,
      "sender": 6,
      "recipient": 16,
      "message": "Kamusta, ito ay mensahe mula sa counselor para sa session #13.",
      "timestamp": "2025-03-17T18:23:00Z"
    }
  },
  {
    "model": "main.counselormessage",
    "pk": 14,
    "fields": {
      "chat_session": 14,
      "sender": 6,
      "recipient": 17,
      "message": "Kamusta, ito ay mensahe mula sa counselor para sa session #14.",
      "timestamp": "2025-03-17T18:24:00Z"
    }
  },
  {
    "model": "main.counselormessage",
    "pk": 15,
    "fields": {
      "chat_session": 15,
      "sender": 6,
      "recipient": 18,
      "message": "Kamusta, ito ay mensahe mula sa counselor para sa session #15.",
      "timestamp": "2025-03-17T18:25:00Z"
    }
  },
  {
    "model": "main.contactus",
    "pk": 1,
    "fields": {
      "name": "Juan Dela Cruz",
      "email": "contact1@example.com",
      "subject": "Pakikipag-ugnayan #1",
      "message": "Ito ay mensahe para sa contact us form.",
      "created_at": "2025-03-17T18:31:00Z",
      "reply": "",
      "is_replied": false
    }
  },
  {
    "model": "main.contactus",
    "pk": 2,
    "fields": {
      "name": "Maria Clara",
      "email": "contact2@example.com",
      "subject": "Pakikipag-ugnayan #2",
      "message": "Ito ay mensahe para sa contact us form.",
      "created_at": "2025-03-17T18:32:00Z",
      "reply": "",
      "is_replied": false
    }
  },
  {
    "model": "main.contactus",
    "pk": 3,
    "fields": {
      "name": "Jose Rizal",
      "email": "contact3@example.com",
      "subject": "Pakikipag-ugnayan #3",
      "message": "Ito ay mensahe para sa contact us form.",
      "created_at": "2025-03-17T18:33:00Z",
      "reply": "",
      "is_replied": false
    }
  },
  {
    "model": "main.contactus",
    "pk": 4,
    "fields": {
      "name": "Andres Bonifacio",
      "email": "contact4@example.com",
      "subject": "Pakikipag-ugnayan #4",
      "message": "Ito ay mensahe para sa contact us form.",
      "created_at": "2025-03-17T18:34:00Z",
      "reply": "",
      "is_replied": false
    }
  },
  {
    "model": "main.contactus",
    "pk": 5,
    "fields": {
      "name": "Emilio Aguinaldo",
      "email": "contact5@example.com",
      "subject": "Pakikipag-ugnayan #5",
      "message": "Ito ay mensahe para sa contact us form.",
      "created_at": "2025-03-17T18:35:00Z",
      "reply": "",
      "is_replied": false
    }
  },
  {
    "model": "main.contactus",
    "pk": 6,
    "fields": {
      "name": "Apolinario Mabini",
      "email": "contact6@example.com",
      "subject": "Pakikipag-ugnayan #6",
      "message": "Ito ay mensahe para sa contact us form.",
      "created_at": "2025-03-17T18:36:00Z",
      "reply": "",
      "is_replied": false
    }
  },
  {
    "model": "main.contactus",
    "pk": 7,
    "fields": {
      "name": "Melchora Aquino",
      "email": "contact7@example.com",
      "subject": "Pakikipag-ugnayan #7",
      "message": "Ito ay mensahe para sa contact us form.",
      "created_at": "2025-03-17T18:37:00Z",
      "reply": "",
      "is_replied": false
    }
  },
  {
    "model": "main.contactus",
    "pk": 8,
    "fields": {
      "name": "Gregoria de Jesus",
      "email": "contact8@example.com",
      "subject": "Pakikipag-ugnayan #8",
      "message": "Ito ay mensahe para sa contact us form.",
      "created_at": "2025-03-17T18:38:00Z",
      "reply": "",
      "is_replied": false
    }
  },
  {
    "model": "main.contactus",
    "pk": 9,
    "fields": {
      "name": "Gabriela Silang",
      "email": "contact9@example.com",
      "subject": "Pakikipag-ugnayan #9",
      "message": "Ito ay mensahe para sa contact us form.",
      "created_at": "2025-03-17T18:39:00Z",
      "reply": "",
      "is_replied": false
    }
  },
  {
    "model": "main.contactus",
    "pk": 10,
    "fields": {
      "name": "Antonio Luna",
      "email": "contact10@example.com",
      "subject": "Pakikipag-ugnayan #10",
      "message": "Ito ay mensahe para sa contact us form.",
      "created_at": "2025-03-17T18:40:00Z",
      "reply": "",
      "is_replied": false
    }
  },
  {
    "model": "main.contactus",
    "pk": 11,
    "fields": {
      "name": "Diego Silang",
      "email": "contact11@example.com",
      "subject": "Pakikipag-ugnayan #11",
      "message": "Ito ay mensahe para sa contact us form.",
      "created_at": "2025-03-17T18:41:00Z",
      "reply": "",
      "is_replied": false
    }
  },
  {
    "model": "main.contactus",
    "pk": 12,
    "fields": {
      "name": "Carlos P. Garcia",
      "email": "contact12@example.com",
      "subject": "Pakikipag-ugnayan #12",
      "message": "Ito ay mensahe para sa contact us form.",
      "created_at": "2025-03-17T18:42:00Z",
      "reply": "",
      "is_replied": false
    }
  },
  {
    "model": "main.contactus",
    "pk": 13,
    "fields": {
      "name": "Ramon Magsaysay",
      "email": "contact13@example.com",
      "subject": "Pakikipag-ugnayan #13",
      "message": "Ito ay mensahe para sa contact us form.",
      "created_at": "2025-03-17T18:43:00Z",
      "reply": "",
      "is_replied": false
    }
  },
  {
    "model": "main.contactus",
    "pk": 14,
    "fields": {
      "name": "Corazon Aquino",
      "email": "contact14@example.com",
      "subject": "Pakikipag-ugnayan #14",
      "message": "Ito ay mensahe para sa contact us form.",
      "created_at": "2025-03-17T18:44:00Z",
      "reply": "",
      "is_replied": false
    }
  },
  {
    "model": "main.contactus",
    "pk": 15,
    "fields": {
      "name": "Benigno Aquino III",
      "email": "contact15@example.com",
      "subject": "Pakikipag-ugnayan #15",
      "message": "Ito ay mensahe para sa contact us form.",
      "created_at": "2025-03-17T18:45:00Z",
      "reply": "",
      "is_replied": false
    }
  },
  {
    "model": "main.usersession",
    "pk": 1,
    "fields": {
      "user": 4,
      "session_key": "sess_001",
      "created_at": "2025-03-17T18:51:00Z",
      "expire_date": "2025-03-18T18:51:00Z",
      "session_end": null
    }
  },
  {
    "model": "main.usersession",
    "pk": 2,
    "fields": {
      "user": 5,
      "session_key": "sess_002",
      "created_at": "2025-03-17T18:52:00Z",
      "expire_date": "2025-03-18T18:52:00Z",
      "session_end": null
    }
  },
  {
    "model": "main.usersession",
    "pk": 3,
    "fields": {
      "user": 6,
      "session_key": "sess_003",
      "created_at": "2025-03-17T18:53:00Z",
      "expire_date": "2025-03-18T18:53:00Z",
      "session_end": null
    }
  },
  {
    "model": "main.usersession",
    "pk": 4,
    "fields": {
      "user": 7,
      "session_key": "sess_004",
      "created_at": "2025-03-17T18:54:00Z",
      "expire_date": "2025-03-18T18:54:00Z",
      "session_end": null
    }
  },
  {
    "model": "main.usersession",
    "pk": 5,
    "fields": {
      "user": 8,
      "session_key": "sess_005",
      "created_at": "2025-03-17T18:55:00Z",
      "expire_date": "2025-03-18T18:55:00Z",
      "session_end": null
    }
  },
  {
    "model": "main.usersession",
    "pk": 6,
    "fields": {
      "user": 9,
      "session_key": "sess_006",
      "created_at": "2025-03-17T18:56:00Z",
      "expire_date": "2025-03-18T18:56:00Z",
      "session_end": null
    }
  },
  {
    "model": "main.usersession",
    "pk": 7,
    "fields": {
      "user": 10,
      "session_key": "sess_007",
      "created_at": "2025-03-17T18:57:00Z",
      "expire_date": "2025-03-18T18:57:00Z",
      "session_end": null
    }
  },
  {
    "model": "main.usersession",
    "pk": 8,
    "fields": {
      "user": 11,
      "session_key": "sess_008",
      "created_at": "2025-03-17T18:58:00Z",
      "expire_date": "2025-03-18T18:58:00Z",
      "session_end": null
    }
  },
  {
    "model": "main.usersession",
    "pk": 9,
    "fields": {
      "user": 12,
      "session_key": "sess_009",
      "created_at": "2025-03-17T18:59:00Z",
      "expire_date": "2025-03-18T18:59:00Z",
      "session_end": null
    }
  },
  {
    "model": "main.usersession",
    "pk": 10,
    "fields": {
      "user": 13,
      "session_key": "sess_010",
      "created_at": "2025-03-17T19:00:00Z",
      "expire_date": "2025-03-18T19:00:00Z",
      "session_end": null
    }
  },
  {
    "model": "main.usersession",
    "pk": 11,
    "fields": {
      "user": 14,
      "session_key": "sess_011",
      "created_at": "2025-03-17T19:01:00Z",
      "expire_date": "2025-03-18T19:01:00Z",
      "session_end": null
    }
  },
  {
    "model": "main.usersession",
    "pk": 12,
    "fields": {
      "user": 15,
      "session_key": "sess_012",
      "created_at": "2025-03-17T19:02:00Z",
      "expire_date": "2025-03-18T19:02:00Z",
      "session_end": null
    }
  },
  {
    "model": "main.usersession",
    "pk": 13,
    "fields": {
      "user": 16,
      "session_key": "sess_013",
      "created_at": "2025-03-17T19:03:00Z",
      "expire_date": "2025-03-18T19:03:00Z",
      "session_end": null
    }
  },
  {
    "model": "main.usersession",
    "pk": 14,
    "fields": {
      "user": 17,
      "session_key": "sess_014",
      "created_at": "2025-03-17T19:04:00Z",
      "expire_date": "2025-03-18T19:04:00Z",
      "session_end": null
    }
  },
  {
    "model": "main.usersession",
    "pk": 15,
    "fields": {
      "user": 18,
      "session_key": "sess_015",
      "created_at": "2025-03-17T19:05:00Z",
      "expire_date": "2025-03-18T19:05:00Z",
      "session_end": null
    }
  }
]